DROP DATABASE IF EXISTS %MYSQL_NAPLO_DB%;
CREATE DATABASE %MYSQL_NAPLO_DB% CHARACTER SET utf8 COLLATE utf8_hungarian_ci;
GRANT ALL ON %MYSQL_NAPLO_DB%.* TO '%MYSQL_NAPLO_USER%'@'localhost' IDENTIFIED BY '%MYSQL_NAPLO_PW%';
GRANT SELECT ON %MYSQL_NAPLO_DB%.* TO '%MYSQL_NAPLO_USER_READ%'@'localhost' IDENTIFIED BY '%MYSQL_NAPLO_PW_READ%';
USE %MYSQL_NAPLO_DB%;

CREATE TABLE `mayorUpdateLog` (
  `scriptFile` varchar(255) COLLATE utf8_hungarian_ci NOT NULL DEFAULT '',
  `dt` timestamp NOT NULL DEFAULT CURRENT_TIMESTAMP,
  PRIMARY KEY (`scriptFile`,`dt`)
) ENGINE=InnoDB DEFAULT CHARSET=utf8 COLLATE=utf8_hungarian_ci;

CREATE TABLE `kerelem` (
  `kerelemId` int(10) unsigned NOT NULL AUTO_INCREMENT,
  `userAccount` varchar(32) DEFAULT NULL,
  `szoveg` text,
  `valasz` text,
  `rogzitesDt` datetime DEFAULT NULL,
  `jovahagyasDt` datetime DEFAULT NULL,
  `jovahagyasAccount` varchar(32) DEFAULT NULL,
  `lezarasDt` datetime DEFAULT NULL,
  `kategoria` varchar(16) DEFAULT NULL,
  `telephelyId` tinyint(3) unsigned DEFAULT NULL,
  PRIMARY KEY (`kerelemId`)
) ENGINE=InnoDB DEFAULT CHARSET=utf8;

CREATE TABLE `session` (
  `sessionID` char(40) collate utf8_hungarian_ci NOT NULL,
  `policy` varchar(10) collate utf8_hungarian_ci NOT NULL DEFAULT 'private',
  `intezmeny` varchar(16) DEFAULT NULL,
  `telephelyId` tinyint(3) unsigned DEFAULT NULL,
  `tanev` smallint(5) unsigned DEFAULT NULL,
  `parentDiakId` int(10) unsigned DEFAULT NULL,
  PRIMARY KEY (`sessionID`,`policy`),
  CONSTRAINT `session_login` FOREIGN KEY (`sessionID`, `policy`) 
  REFERENCES `mayor_login`.`session` (`sessionID`, `policy`) ON DELETE CASCADE ON UPDATE CASCADE
) ENGINE=InnoDB DEFAULT CHARSET=utf8;

CREATE TABLE `intezmeny` (
  `OMKod` mediumint(8) unsigned zerofill NOT NULL,
  `rovidNev` varchar(16) COLLATE utf8_hungarian_ci NOT NULL,
  `nev` varchar(128) COLLATE utf8_hungarian_ci NOT NULL,
  `alapertelmezett` tinyint(3) unsigned NOT NULL DEFAULT '0',
  `telefon` varchar(64) COLLATE utf8_hungarian_ci DEFAULT NULL,
  `fax` varchar(64) COLLATE utf8_hungarian_ci DEFAULT NULL,
  `email` varchar(96) COLLATE utf8_hungarian_ci DEFAULT NULL,
  `honlap` varchar(96) COLLATE utf8_hungarian_ci DEFAULT NULL,
  `fenntartó` enum('állami','egyházi','alapítványi','magán','egyéb') COLLATE utf8_hungarian_ci DEFAULT 'állami',
  PRIMARY KEY (`OMKod`)
) ENGINE=MyISAM DEFAULT CHARSET=utf8 COLLATE=utf8_hungarian_ci;

CREATE TABLE `settings` (
  `userAccount` varchar(32) NOT NULL,
  `policy` enum('private','parent','public') DEFAULT 'private' NOT NULL,
  `intezmeny` varchar(16) DEFAULT NULL,
  `telephelyId` tinyint(3) unsigned DEFAULT NULL
) ENGINE=InnoDB DEFAULT CHARSET=utf8;

--
-- Table structure for table `telepulesLista`
--

DROP TABLE IF EXISTS `telepulesLista`;
CREATE TABLE `telepulesLista` (
  `telepules` varchar(60) CHARACTER SET utf8 NOT NULL,
  `megye` varchar(60) CHARACTER SET utf8 NOT NULL,
  `irsz` varchar(4) CHARACTER SET utf8 DEFAULT NULL,
  KEY `idx_telepulesirsz` (`irsz`)
) ENGINE=InnoDB DEFAULT CHARSET=utf8 COLLATE=utf8_hungarian_ci;

INSERT INTO `telepulesLista` VALUES ('Ágasegyháza','Bács-Kiskun','6076'),('Akasztó','Bács-Kiskun','6221'),('Apostag','Bács-Kiskun','6088'),('Bácsalmás','Bács-Kiskun','6430'),('Bácsbokod','Bács-Kiskun','6453'),('Bácsborsód','Bács-Kiskun','6454'),('Bácsszentgyörgy','Bács-Kiskun','6511'),('Bácsszőlős','Bács-Kiskun','6425'),('Baja','Bács-Kiskun','6500'),('Ballószög','Bács-Kiskun','6035'),('Balotaszállás','Bács-Kiskun','6412'),('Bátmonostor','Bács-Kiskun','6528'),('Bátya','Bács-Kiskun','6351'),('Bócsa','Bács-Kiskun','6235'),('Borota','Bács-Kiskun','6445'),('Bugac','Bács-Kiskun','6114'),('Bugacpusztaháza','Bács-Kiskun','6114'),('Császártöltés','Bács-Kiskun','6239'),('Csátalja','Bács-Kiskun','6523'),('Csávoly','Bács-Kiskun','6448'),('Csengőd','Bács-Kiskun','6222'),('Csikéria','Bács-Kiskun','6424'),('Csólyospálos','Bács-Kiskun','6135'),('Dávod','Bács-Kiskun','6524'),('Drágszél','Bács-Kiskun','6342'),('Dunaegyháza','Bács-Kiskun','6323'),('Dunafalva','Bács-Kiskun','6513'),('Dunapataj','Bács-Kiskun','6328'),('Dunaszentbenedek','Bács-Kiskun','6333'),('Dunatetétlen','Bács-Kiskun','6325'),('Dunatetétlen','Bács-Kiskun','6320'),('Dunavecse','Bács-Kiskun','6087'),('Dusnok','Bács-Kiskun','6353'),('Érsekcsanád','Bács-Kiskun','6347'),('Érsekhalma','Bács-Kiskun','6348'),('Fajsz','Bács-Kiskun','6352'),('Felsőlajos','Bács-Kiskun','6050'),('Felsőlajos','Bács-Kiskun','6055'),('Felsőszentiván','Bács-Kiskun','6447'),('Foktő','Bács-Kiskun','6300'),('Foktő','Bács-Kiskun','6331'),('Fülöpháza','Bács-Kiskun','6042'),('Fülöpjakab','Bács-Kiskun','6116'),('Fülöpszállás','Bács-Kiskun','6085'),('Gara','Bács-Kiskun','6522'),('Gátér','Bács-Kiskun','6111'),('Géderlak','Bács-Kiskun','6334'),('Hajós','Bács-Kiskun','6344'),('Harkakötöny','Bács-Kiskun','6136'),('Harta','Bács-Kiskun','6327'),('Harta','Bács-Kiskun','6326'),('Helvécia','Bács-Kiskun','6034'),('Hercegszántó','Bács-Kiskun','6525'),('Homokmégy','Bács-Kiskun','6341'),('Imrehegy','Bács-Kiskun','6238'),('Izsák','Bács-Kiskun','6070'),('Jakabszállás','Bács-Kiskun','6078'),('Jánoshalma','Bács-Kiskun','6440'),('Jászszentlászló','Bács-Kiskun','6133'),('Kalocsa','Bács-Kiskun','6300'),('Kaskantyú','Bács-Kiskun','6211'),('Katymár','Bács-Kiskun','6455'),('Kecel','Bács-Kiskun','6237'),('Kecskemét','Bács-Kiskun','6000'),('Kecskemét','Bács-Kiskun','6044'),('Kecskemét','Bács-Kiskun','6034'),('Kecskemét','Bács-Kiskun','6008'),('Kelebia','Bács-Kiskun','6423'),('Kéleshalom','Bács-Kiskun','6444'),('Kerekegyháza','Bács-Kiskun','6041'),('Kiskőrös','Bács-Kiskun','6200'),('Kiskunfélegyháza','Bács-Kiskun','6100'),('Kiskunhalas','Bács-Kiskun','6400'),('Kiskunmajsa','Bács-Kiskun','6120'),('Kisszállás','Bács-Kiskun','6421'),('Kömpöc','Bács-Kiskun','6134'),('Kunadacs','Bács-Kiskun','6097'),('Kunbaja','Bács-Kiskun','6435'),('Kunbaracs','Bács-Kiskun','6043'),('Kunfehértó','Bács-Kiskun','6413'),('Kunpeszér','Bács-Kiskun','6096'),('Kunszállás','Bács-Kiskun','6115'),('Kunszentmiklós','Bács-Kiskun','6090'),('Ladánybene','Bács-Kiskun','6045'),('Lajosmizse','Bács-Kiskun','6050'),('Lakitelek','Bács-Kiskun','6065'),('Madaras','Bács-Kiskun','6456'),('Mátételke','Bács-Kiskun','6452'),('Mélykút','Bács-Kiskun','6449'),('Miske','Bács-Kiskun','6343'),('Móricgát','Bács-Kiskun','6132'),('Nagybaracska','Bács-Kiskun','6527'),('Nemesnádudvar','Bács-Kiskun','6345'),('Nyárlőrinc','Bács-Kiskun','6032'),('Ordas','Bács-Kiskun','6335'),('Orgovány','Bács-Kiskun','6077'),('Öregcsertő','Bács-Kiskun','6311'),('Páhi','Bács-Kiskun','6075'),('Pálmonostora','Bács-Kiskun','6112'),('Petőfiszállás','Bács-Kiskun','6113'),('Pirtó','Bács-Kiskun','6414'),('Rém','Bács-Kiskun','6446'),('Solt','Bács-Kiskun','6320'),('Soltszentimre','Bács-Kiskun','6223'),('Soltvadkert','Bács-Kiskun','6230'),('Sükösd','Bács-Kiskun','6346'),('Szabadszállás','Bács-Kiskun','6080'),('Szakmár','Bács-Kiskun','6336'),('Szakmár','Bács-Kiskun','6636'),('Szalkszentmárton','Bács-Kiskun','6086'),('Szank','Bács-Kiskun','6131'),('Szentkirály','Bács-Kiskun','6031'),('Szeremle','Bács-Kiskun','6512'),('Tabdi','Bács-Kiskun','6224'),('Tass','Bács-Kiskun','6098'),('Tataháza','Bács-Kiskun','6451'),('Tázlár','Bács-Kiskun','6236'),('Tiszaalpár','Bács-Kiskun','6066'),('Tiszaalpár','Bács-Kiskun','6067'),('Tiszakécske','Bács-Kiskun','6060'),('Tiszakécske','Bács-Kiskun','6062'),('Tiszaug','Bács-Kiskun','6064'),('Tompa','Bács-Kiskun','6422'),('Újsolt','Bács-Kiskun','6321'),('Újtelek','Bács-Kiskun','6337'),('Uszód','Bács-Kiskun','6332'),('Városföld','Bács-Kiskun','6033'),('Vaskút','Bács-Kiskun','6521'),('Zsana','Bács-Kiskun','6411'),('Abaliget','Baranya','7678'),('Adorjás','Baranya','7841'),('Ág','Baranya','7381'),('Almamellék','Baranya','7934'),('Almamellék','Baranya','7936'),('Almamellék','Baranya','7937'),('Almamellék','Baranya','7935'),('Almáskeresztúr','Baranya','7932'),('Alsómocsolád','Baranya','7345'),('Alsószentmárton','Baranya','7800'),('Alsószentmárton','Baranya','7826'),('Apátvarasd','Baranya','7720'),('Aranyosgadány','Baranya','7671'),('Áta','Baranya','7763'),('Babarc','Baranya','7757'),('Babarcszőlős','Baranya','7814'),('Bakóca','Baranya','7393'),('Bakonya','Baranya','7675'),('Bakonya','Baranya','7940'),('Baksa','Baranya','7834'),('Bánfa','Baranya','7914'),('Bár','Baranya','7711'),('Baranyahídvég','Baranya','7841'),('Baranyajenő','Baranya','7384'),('Baranyaszentgyörgy','Baranya','7383'),('Basal','Baranya','7922'),('Belvárdgyula','Baranya','7747'),('Beremend','Baranya','7827'),('Berkesd','Baranya','7664'),('Besence','Baranya','7838'),('Bezedek','Baranya','7782'),('Bicsérd','Baranya','7940'),('Bicsérd','Baranya','7671'),('Bikal','Baranya','7346'),('Birján','Baranya','7747'),('Bisse','Baranya','7811'),('Boda','Baranya','7672'),('Bodolyabér','Baranya','7394'),('Bogád','Baranya','7742'),('Bogádmindszent','Baranya','7836'),('Bogdása','Baranya','7966'),('Boldogasszonyfa','Baranya','7937'),('Bóly','Baranya','7754'),('Borjád','Baranya','7756'),('Bosta','Baranya','7811'),('Botykapeterd','Baranya','7900'),('Bükkösd','Baranya','7682'),('Bükkösd','Baranya','7683'),('Bürüs','Baranya','7915'),('Bürüs','Baranya','7973'),('Cún','Baranya','7843'),('Cún','Baranya','7838'),('Csányoszró','Baranya','7964'),('Csarnóta','Baranya','7811'),('Csebény','Baranya','7935'),('Cserdi','Baranya','7683'),('Cserkút','Baranya','7673'),('Csertő','Baranya','7900'),('Csonkamindszent','Baranya','7940'),('Dencsháza','Baranya','7915'),('Dinnyeberki','Baranya','7683'),('Diósviszló','Baranya','7817'),('Drávacsehi','Baranya','7849'),('Drávacsepely','Baranya','7846'),('Drávafok','Baranya','7967'),('Drávaiványi','Baranya','7960'),('Drávakeresztúr','Baranya','7967'),('Drávapalkonya','Baranya','7850'),('Drávapiski','Baranya','7843'),('Drávaszabolcs','Baranya','7851'),('Drávaszerdahely','Baranya','7847'),('Drávasztára','Baranya','7960'),('Dunaszekcső','Baranya','7712'),('Egerág','Baranya','7763'),('Egyházasharaszti','Baranya','7824'),('Egyházaskozár','Baranya','7347'),('Ellend','Baranya','7744'),('Endrőc','Baranya','7973'),('Erdősmárok','Baranya','7735'),('Erdősmecske','Baranya','7723'),('Erzsébet','Baranya','7661'),('Fazekasboda','Baranya','7732'),('Feked','Baranya','7724'),('Felsőegerszeg','Baranya','7370'),('Felsőszentmárton','Baranya','7968'),('Garé','Baranya','7812'),('Gerde','Baranya','7951'),('Gerényes','Baranya','7362'),('Geresdlak','Baranya','7733'),('Gilvánfa','Baranya','7954'),('Gordisa','Baranya','7853'),('Gödre','Baranya','7385'),('Gödre','Baranya','7386'),('Görcsöny','Baranya','7833'),('Görcsönydoboka','Baranya','7728'),('Gyód','Baranya','7668'),('Gyöngyfa','Baranya','7954'),('Gyöngyösmellék','Baranya','7972'),('Gyöngyösmellék','Baranya','7900'),('Harkány','Baranya','7815'),('Hásságy','Baranya','7745'),('Hegyhátmaróc','Baranya','7348'),('Hegyszentmárton','Baranya','7837'),('Helesfa','Baranya','7683'),('Hetvehely','Baranya','7681'),('Hidas','Baranya','7696'),('Himesháza','Baranya','7735'),('Hirics','Baranya','7838'),('Hobol','Baranya','7971'),('Homorúd','Baranya','7716'),('Homorúd','Baranya','7714'),('Homorúd','Baranya','7715'),('Horváthertelend','Baranya','7935'),('Hosszúhetény','Baranya','7720'),('Hosszúhetény','Baranya','7694'),('Husztót','Baranya','7678'),('Ibafa','Baranya','7683'),('Ibafa','Baranya','7935'),('Illocska','Baranya','7775'),('Ipacsfa','Baranya','7847'),('Ivánbattyán','Baranya','7772'),('Ivándárda','Baranya','7781'),('Kacsóta','Baranya','7940'),('Kákics','Baranya','7958'),('Kárász','Baranya','7333'),('Kásád','Baranya','7827'),('Katádfa','Baranya','7914'),('Kátoly','Baranya','7661'),('Kékesd','Baranya','7661'),('Kémes','Baranya','7843'),('Kemse','Baranya','7839'),('Keszü','Baranya','7668'),('Kétújfalu','Baranya','7975'),('Királyegyháza','Baranya','7953'),('Kisasszonyfa','Baranya','7954'),('Kisbeszterce','Baranya','7391'),('Kisbudmér','Baranya','7756'),('Kisdér','Baranya','7814'),('Kisdobsza','Baranya','7985'),('Kishajmás','Baranya','7391'),('Kisharsány','Baranya','7800'),('Kisherend','Baranya','7763'),('Kisjakabfalva','Baranya','7773'),('Kiskassa','Baranya','7766'),('Kislippó','Baranya','7775'),('Kisnyárád','Baranya','7759'),('Kistamási','Baranya','7981'),('Kistapolca','Baranya','7823'),('Kistótfalu','Baranya','7768'),('Kisvaszar','Baranya','7381'),('Kisszentmárton','Baranya','7841'),('Komló','Baranya','7300'),('Kórós','Baranya','7841'),('Kovácshida','Baranya','7847'),('Kovácsszénája','Baranya','7678'),('Kozármisleny','Baranya','7761'),('Köblény','Baranya','7334'),('Kökény','Baranya','7639'),('Kölked','Baranya','7717'),('Kölked','Baranya','7700'),('Kővágószőlős','Baranya','7673'),('Kővágótöttös','Baranya','7675'),('Kővágótöttös','Baranya','7940'),('Kővágótöttös','Baranya','7600'),('Lánycsók','Baranya','7759'),('Lapáncsa','Baranya','7775'),('Liget','Baranya','7331'),('Lippó','Baranya','7781'),('Liptód','Baranya','7757'),('Lothárd','Baranya','7761'),('Lovászhetény','Baranya','7720'),('Lúzsok','Baranya','7838'),('Mágocs','Baranya','7342'),('Magyarbóly','Baranya','7775'),('Magyaregregy','Baranya','7332'),('Magyarhertelend','Baranya','7394'),('Magyarlukafa','Baranya','7925'),('Magyarmecske','Baranya','7954'),('Magyarsarlós','Baranya','7761'),('Magyarszék','Baranya','7396'),('Magyartelek','Baranya','7954'),('Majs','Baranya','7783'),('Mánfa','Baranya','7304'),('Mánfa','Baranya','7300'),('Mánfa','Baranya','7694'),('Mánfa','Baranya','7600'),('Maráza','Baranya','7733'),('Márfa','Baranya','7817'),('Máriakéménd','Baranya','7663'),('Markóc','Baranya','7967'),('Marócsa','Baranya','7960'),('Márok','Baranya','7774'),('Martonfa','Baranya','7720'),('Matty','Baranya','7854'),('Máza','Baranya','7351'),('Mecseknádasd','Baranya','7695'),('Mecseknádasd','Baranya','7696'),('Mecseknádasd','Baranya','7161'),('Mecsekpölöske','Baranya','7300'),('Mekényes','Baranya','7344'),('Merenye','Baranya','7981'),('Meződ','Baranya','7370'),('Mindszentgodisa','Baranya','7391'),('Mohács','Baranya','7714'),('Mohács','Baranya','7700'),('Mohács','Baranya','7715'),('Molvány','Baranya','7981'),('Monyoród','Baranya','7751'),('Mozsgó','Baranya','7932'),('Nagybudmér','Baranya','7756'),('Nagycsány','Baranya','7838'),('Nagydobsza','Baranya','7985'),('Nagyhajmás','Baranya','7343'),('Nagyharsány','Baranya','7822'),('Nagykozár','Baranya','7741'),('Nagynyárád','Baranya','7784'),('Nagypall','Baranya','7731'),('Nagypeterd','Baranya','7912'),('Nagytótfalu','Baranya','7800'),('Nagyváty','Baranya','7912'),('Nemeske','Baranya','7981'),('Nyugotszenterzsébet','Baranya','7912'),('Óbánya','Baranya','7695'),('Ócsárd','Baranya','7814'),('Ófalu','Baranya','7695'),('Okorág','Baranya','7957'),('Okorvölgy','Baranya','7681'),('Olasz','Baranya','7745'),('Old','Baranya','7824'),('Orfű','Baranya','7677'),('Oroszló','Baranya','7370'),('Ózdfalu','Baranya','7836'),('Palé','Baranya','7370'),('Palkonya','Baranya','7771'),('Palotabozsok','Baranya','7727'),('Páprád','Baranya','7838'),('Patapoklosi','Baranya','7923'),('Pécs','Baranya','7668'),('Pécs','Baranya','7628'),('Pécs','Baranya','7693'),('Pécs','Baranya','7691'),('Pécs','Baranya','7631'),('Pécs','Baranya','9693'),('Pécs','Baranya','7639'),('Pécs','Baranya','7600'),('Pécs','Baranya','7634'),('Pécs','Baranya','7630'),('Pécsbagota','Baranya','7951'),('Pécsdevecser','Baranya','7766'),('Pécsudvard','Baranya','7762'),('Pécsvárad','Baranya','7720'),('Pellérd','Baranya','7831'),('Pereked','Baranya','7664'),('Peterd','Baranya','7766'),('Pettend','Baranya','7980'),('Piskó','Baranya','7838'),('Pócsa','Baranya','7756'),('Pogány','Baranya','7666'),('Rádfalva','Baranya','7817'),('Rádfalva','Baranya','7846'),('Regenye','Baranya','7833'),('Romonya','Baranya','7743'),('Rózsafa','Baranya','7914'),('Sámod','Baranya','7841'),('Sárok','Baranya','7781'),('Sásd','Baranya','7370'),('Sátorhely','Baranya','7785'),('Sellye','Baranya','7960'),('Siklós','Baranya','7800'),('Siklós','Baranya','7818'),('Siklósbodony','Baranya','7814'),('Siklósnagyfalu','Baranya','7823'),('Somberek','Baranya','7728'),('Somogyapáti','Baranya','7922'),('Somogyapáti','Baranya','7900'),('Somogyhárságy','Baranya','7925'),('Somogyhatvan','Baranya','7921'),('Somogyviszló','Baranya','7924'),('Sósvertike','Baranya','7960'),('Sumony','Baranya','7960'),('Szabadszentkirály','Baranya','7951'),('Szágy','Baranya','7383'),('Szajk','Baranya','7753'),('Szalánta','Baranya','7811'),('Szalatnak','Baranya','7334'),('Szaporca','Baranya','7843'),('Szárász','Baranya','7188'),('Szászvár','Baranya','7349'),('Szava','Baranya','7813'),('Szava','Baranya','7814'),('Szebény','Baranya','7725'),('Szederkény','Baranya','7751'),('Székelyszabar','Baranya','7737'),('Székelyszabar','Baranya','7700'),('Szellő','Baranya','7661'),('Szemely','Baranya','7763'),('Szemely','Baranya','7761'),('Szentdénes','Baranya','7913'),('Szentegát','Baranya','7915'),('Szentegát','Baranya','7960'),('Szentkatalin','Baranya','7681'),('Szentlászló','Baranya','7925'),('Szentlászló','Baranya','7936'),('Szentlászló','Baranya','7937'),('Szentlőrinc','Baranya','7940'),('Szigetvár','Baranya','7900'),('Szilágy','Baranya','7664'),('Szilvás','Baranya','7811'),('Szőke','Baranya','7833'),('Szőkéd','Baranya','7763'),('Szörény','Baranya','7976'),('Szulimán','Baranya','7932'),('Szűr','Baranya','7735'),('Tarrós','Baranya','7362'),('Tékes','Baranya','7381'),('Teklafalu','Baranya','7973'),('Tengeri','Baranya','7834'),('Tésenfa','Baranya','7843'),('Téseny','Baranya','7834'),('Tófű','Baranya','7348'),('Tormás','Baranya','7383'),('Tormás','Baranya','7393'),('Tótszentgyörgy','Baranya','7981'),('Töttös','Baranya','7755'),('Túrony','Baranya','7811'),('Udvar','Baranya','7718'),('Újpetre','Baranya','7766'),('Újpetre','Baranya','7768'),('Vajszló','Baranya','7838'),('Várad','Baranya','7973'),('Varga','Baranya','7370'),('Vásárosbéc','Baranya','7926'),('Vásárosdombó','Baranya','7362'),('Vázsnok','Baranya','7370'),('Vejti','Baranya','7838'),('Vékény','Baranya','7333'),('Velény','Baranya','7951'),('Véménd','Baranya','7726'),('Versend','Baranya','7752'),('Villány','Baranya','7773'),('Villánykövesd','Baranya','7772'),('Vokány','Baranya','7768'),('Zádor','Baranya','7976'),('Zaláta','Baranya','7839'),('Zengővárkony','Baranya','7720'),('Zók','Baranya','7671'),('Almáskamarás','Békés','5747'),('Battonya','Békés','5830'),('Békés','Békés','5630'),('Békéscsaba','Békés','5600'),('Békéscsaba','Békés','5623'),('Békéscsaba','Békés','5671'),('Békéssámson','Békés','5946'),('Békésszentandrás','Békés','5561'),('Bélmegyer','Békés','5643'),('Biharugra','Békés','5538'),('Bucsa','Békés','5527'),('Csabacsűd','Békés','5551'),('Csabaszabadi','Békés','5609'),('Csanádapáca','Békés','5662'),('Csárdaszállás','Békés','5621'),('Csorvás','Békés','5920'),('Dévaványa','Békés','5510'),('Doboz','Békés','5624'),('Dombegyház','Békés','5836'),('Dombiratos','Békés','5745'),('Ecsegfalva','Békés','5515'),('Elek','Békés','5742'),('Füzesgyarmat','Békés','5525'),('Gádoros','Békés','5932'),('Gerendás','Békés','5925'),('Geszt','Békés','5732'),('Geszt','Békés','5734'),('Gyomaendrőd','Békés','5502'),('Gyomaendrőd','Békés','5500'),('Gyula','Békés','5700'),('Gyula','Békés','5711'),('Hunya','Békés','5555'),('Kamut','Békés','5673'),('Kardos','Békés','5552'),('Kardoskút','Békés','5945'),('Kaszaper','Békés','5948'),('Kertészsziget','Békés','5526'),('Kétegyháza','Békés','5741'),('Kétsoprony','Békés','5674'),('Kevermes','Békés','5744'),('Kisdombegyház','Békés','5837'),('Kondoros','Békés','5553'),('Körösladány','Békés','5516'),('Körösnagyharsány','Békés','5539'),('Köröstarcsa','Békés','5622'),('Körösújfalu','Békés','5536'),('Kötegyán','Békés','5725'),('Kunágota','Békés','5746'),('Lőkösháza','Békés','5743'),('Magyarbánhegyes','Békés','5667'),('Magyardombegyház','Békés','5838'),('Medgyesbodzás','Békés','5664'),('Medgyesbodzás','Békés','5663'),('Medgyesegyháza','Békés','5752'),('Medgyesegyháza','Békés','5666'),('Méhkerék','Békés','5726'),('Mezőberény','Békés','5650'),('Mezőgyán','Békés','5732'),('Mezőhegyes','Békés','5820'),('Mezőkovácsháza','Békés','5800'),('Murony','Békés','5672'),('Nagybánhegyes','Békés','5668'),('Nagykamarás','Békés','5751'),('Nagyszénás','Békés','5931'),('Okány','Békés','5534'),('Orosháza','Békés','5900'),('Orosháza','Békés','5903'),('Orosháza','Békés','5931'),('Orosháza','Békés','5911'),('Örménykút','Békés','5556'),('Pusztaföldvár','Békés','5919'),('Pusztaottlaka','Békés','5665'),('Sarkad','Békés','5720'),('Sarkadkeresztúr','Békés','5731'),('Szabadkígyós','Békés','5712'),('Szarvas','Békés','5540'),('Szeghalom','Békés','5520'),('Tarhos','Békés','5641'),('Telekgerendás','Békés','5675'),('Tótkomlós','Békés','5940'),('Újkígyós','Békés','5661'),('Újszalonta','Békés','5727'),('Végegyháza','Békés','5811'),('Vésztő','Békés','5530'),('Zsadány','Békés','5537'),('Abaújalpár','Borsod-Abaúj-Zemplén','3882'),('Abaújkér','Borsod-Abaúj-Zemplén','3882'),('Abaújkér','Borsod-Abaúj-Zemplén','3860'),('Abaújlak','Borsod-Abaúj-Zemplén','3815'),('Abaújszántó','Borsod-Abaúj-Zemplén','3881'),('Abaújszolnok','Borsod-Abaúj-Zemplén','3809'),('Abaújvár','Borsod-Abaúj-Zemplén','3898'),('Abod','Borsod-Abaúj-Zemplén','3753'),('Abod','Borsod-Abaúj-Zemplén','3752'),('Aggtelek','Borsod-Abaúj-Zemplén','3759'),('Alacska','Borsod-Abaúj-Zemplén','3779'),('Alsóberecki','Borsod-Abaúj-Zemplén','3985'),('Alsódobsza','Borsod-Abaúj-Zemplén','3717'),('Alsógagy','Borsod-Abaúj-Zemplén','3837'),('Alsóregmec','Borsod-Abaúj-Zemplén','3989'),('Alsószuha','Borsod-Abaúj-Zemplén','3726'),('Alsótelekes','Borsod-Abaúj-Zemplén','3735'),('Alsóvadász','Borsod-Abaúj-Zemplén','3811'),('Alsózsolca','Borsod-Abaúj-Zemplén','3571'),('Arka','Borsod-Abaúj-Zemplén','3885'),('Arló','Borsod-Abaúj-Zemplén','3663'),('Arnót','Borsod-Abaúj-Zemplén','3713'),('Ároktő','Borsod-Abaúj-Zemplén','3467'),('Aszaló','Borsod-Abaúj-Zemplén','3841'),('Baktakék','Borsod-Abaúj-Zemplén','3836'),('Balajt','Borsod-Abaúj-Zemplén','3780'),('Bánhorváti','Borsod-Abaúj-Zemplén','3642'),('Bánréve','Borsod-Abaúj-Zemplén','3654'),('Baskó','Borsod-Abaúj-Zemplén','3881'),('Becskeháza','Borsod-Abaúj-Zemplén','3768'),('Bekecs','Borsod-Abaúj-Zemplén','3903'),('Berente','Borsod-Abaúj-Zemplén','3704'),('Beret','Borsod-Abaúj-Zemplén','3834'),('Berzék','Borsod-Abaúj-Zemplén','3575'),('Bodroghalom','Borsod-Abaúj-Zemplén','3987'),('Bodrogkeresztúr','Borsod-Abaúj-Zemplén','3916'),('Bodrogkisfalud','Borsod-Abaúj-Zemplén','3917'),('Bodrogolaszi','Borsod-Abaúj-Zemplén','3943'),('Bódvalenke','Borsod-Abaúj-Zemplén','3768'),('Bódvarákó','Borsod-Abaúj-Zemplén','3764'),('Bódvaszilas','Borsod-Abaúj-Zemplén','3763'),('Bogács','Borsod-Abaúj-Zemplén','3412'),('Boldogkőújfalu','Borsod-Abaúj-Zemplén','3884'),('Boldogkőváralja','Borsod-Abaúj-Zemplén','3885'),('Boldva','Borsod-Abaúj-Zemplén','3794'),('Borsodbóta','Borsod-Abaúj-Zemplén','3658'),('Borsodgeszt','Borsod-Abaúj-Zemplén','3426'),('Borsodivánka','Borsod-Abaúj-Zemplén','3462'),('Borsodnádasd','Borsod-Abaúj-Zemplén','3672'),('Borsodnádasd','Borsod-Abaúj-Zemplén','3671'),('Borsodszentgyörgy','Borsod-Abaúj-Zemplén','3623'),('Borsodszirák','Borsod-Abaúj-Zemplén','3796'),('Bózsva','Borsod-Abaúj-Zemplén','3994'),('Bőcs','Borsod-Abaúj-Zemplén','3574'),('Bükkábrány','Borsod-Abaúj-Zemplén','3422'),('Bükkaranyos','Borsod-Abaúj-Zemplén','3554'),('Bükkmogyorósd','Borsod-Abaúj-Zemplén','3648'),('Bükkszentkereszt','Borsod-Abaúj-Zemplén','3557'),('Bükkzsérc','Borsod-Abaúj-Zemplén','3414'),('Büttös','Borsod-Abaúj-Zemplén','3821'),('Cigánd','Borsod-Abaúj-Zemplén','3973'),('Csenyéte','Borsod-Abaúj-Zemplén','3837'),('Cserépfalu','Borsod-Abaúj-Zemplén','3413'),('Cserépváralja','Borsod-Abaúj-Zemplén','3417'),('Csernely','Borsod-Abaúj-Zemplén','3648'),('Csincse','Borsod-Abaúj-Zemplén','3442'),('Csobád','Borsod-Abaúj-Zemplén','3848'),('Csobaj','Borsod-Abaúj-Zemplén','3927'),('Csokvaomány','Borsod-Abaúj-Zemplén','3647'),('Damak','Borsod-Abaúj-Zemplén','3780'),('Dámóc','Borsod-Abaúj-Zemplén','3978'),('Debréte','Borsod-Abaúj-Zemplén','3825'),('Dédestapolcsány','Borsod-Abaúj-Zemplén','3643'),('Detek','Borsod-Abaúj-Zemplén','3834'),('Domaháza','Borsod-Abaúj-Zemplén','3627'),('Dövény','Borsod-Abaúj-Zemplén','3721'),('Dubicsány','Borsod-Abaúj-Zemplén','3635'),('Edelény','Borsod-Abaúj-Zemplén','3780'),('Egerlövő','Borsod-Abaúj-Zemplén','3461'),('Égerszög','Borsod-Abaúj-Zemplén','3757'),('Emőd','Borsod-Abaúj-Zemplén','3432'),('Encs','Borsod-Abaúj-Zemplén','3860'),('Erdőbénye','Borsod-Abaúj-Zemplén','3932'),('Erdőhorváti','Borsod-Abaúj-Zemplén','3935'),('Fáj','Borsod-Abaúj-Zemplén','3865'),('Fancsal','Borsod-Abaúj-Zemplén','3855'),('Farkaslyuk','Borsod-Abaúj-Zemplén','3608'),('Felsőberecki','Borsod-Abaúj-Zemplén','3985'),('Felsődobsza','Borsod-Abaúj-Zemplén','3847'),('Felsőgagy','Borsod-Abaúj-Zemplén','3837'),('Felsőkelecsény','Borsod-Abaúj-Zemplén','3722'),('Felsőnyárád','Borsod-Abaúj-Zemplén','3721'),('Felsőregmec','Borsod-Abaúj-Zemplén','3989'),('Felsőtelekes','Borsod-Abaúj-Zemplén','3735'),('Felsővadász','Borsod-Abaúj-Zemplén','3814'),('Felsőzsolca','Borsod-Abaúj-Zemplén','3561'),('Filkeháza','Borsod-Abaúj-Zemplén','3994'),('Fony','Borsod-Abaúj-Zemplén','3893'),('Forró','Borsod-Abaúj-Zemplén','3849'),('Fulókércs','Borsod-Abaúj-Zemplén','3864'),('Füzér','Borsod-Abaúj-Zemplén','3996'),('Füzérkajata','Borsod-Abaúj-Zemplén','3994'),('Füzérkomlós','Borsod-Abaúj-Zemplén','3997'),('Füzérradvány','Borsod-Abaúj-Zemplén','3993'),('Gadna','Borsod-Abaúj-Zemplén','3815'),('Gagyapáti','Borsod-Abaúj-Zemplén','3837'),('Gagybátor','Borsod-Abaúj-Zemplén','3817'),('Gagyvendégi','Borsod-Abaúj-Zemplén','3816'),('Galvács','Borsod-Abaúj-Zemplén','3752'),('Garadna','Borsod-Abaúj-Zemplén','3873'),('Gelej','Borsod-Abaúj-Zemplén','3444'),('Gesztely','Borsod-Abaúj-Zemplén','3715'),('Gesztely','Borsod-Abaúj-Zemplén','3563'),('Gibárt','Borsod-Abaúj-Zemplén','3854'),('Girincs','Borsod-Abaúj-Zemplén','3578'),('Golop','Borsod-Abaúj-Zemplén','3906'),('Gömörszőlős','Borsod-Abaúj-Zemplén','3728'),('Gönc','Borsod-Abaúj-Zemplén','3895'),('Göncruszka','Borsod-Abaúj-Zemplén','3894'),('Györgytarló','Borsod-Abaúj-Zemplén','3954'),('Halmaj','Borsod-Abaúj-Zemplén','3842'),('Hangács','Borsod-Abaúj-Zemplén','3795'),('Hangony','Borsod-Abaúj-Zemplén','3626'),('Háromhuta','Borsod-Abaúj-Zemplén','3936'),('Harsány','Borsod-Abaúj-Zemplén','3555'),('Hegymeg','Borsod-Abaúj-Zemplén','3786'),('Hejce','Borsod-Abaúj-Zemplén','3892'),('Hejőbába','Borsod-Abaúj-Zemplén','3593'),('Hejőkeresztúr','Borsod-Abaúj-Zemplén','3597'),('Hejőkürt','Borsod-Abaúj-Zemplén','3588'),('Hejőpapi','Borsod-Abaúj-Zemplén','3594'),('Hejőszalonta','Borsod-Abaúj-Zemplén','3595'),('Hercegkút','Borsod-Abaúj-Zemplén','3958'),('Hernádbűd','Borsod-Abaúj-Zemplén','3853'),('Hernádcéce','Borsod-Abaúj-Zemplén','3887'),('Hernádkak','Borsod-Abaúj-Zemplén','3563'),('Hernádkércs','Borsod-Abaúj-Zemplén','3846'),('Hernádnémeti','Borsod-Abaúj-Zemplén','3564'),('Hernádpetri','Borsod-Abaúj-Zemplén','3874'),('Hernádszentandrás','Borsod-Abaúj-Zemplén','3852'),('Hernádszurdok','Borsod-Abaúj-Zemplén','3875'),('Hernádvécse','Borsod-Abaúj-Zemplén','3874'),('Hét','Borsod-Abaúj-Zemplén','3655'),('Hidasnémeti','Borsod-Abaúj-Zemplén','3876'),('Hidvégardó','Borsod-Abaúj-Zemplén','3768'),('Hollóháza','Borsod-Abaúj-Zemplén','3999'),('Homrogd','Borsod-Abaúj-Zemplén','3812'),('Igrici','Borsod-Abaúj-Zemplén','3459'),('Imola','Borsod-Abaúj-Zemplén','3724'),('Ináncs','Borsod-Abaúj-Zemplén','3851'),('Irota','Borsod-Abaúj-Zemplén','3786'),('Izsófalva','Borsod-Abaúj-Zemplén','3741'),('Izsófalva','Borsod-Abaúj-Zemplén','3744'),('Jákfalva','Borsod-Abaúj-Zemplén','3721'),('Járdánháza','Borsod-Abaúj-Zemplén','3664'),('Jósvafő','Borsod-Abaúj-Zemplén','3758'),('Kács','Borsod-Abaúj-Zemplén','3424'),('Kánó','Borsod-Abaúj-Zemplén','3735'),('Kány','Borsod-Abaúj-Zemplén','3821'),('Karcsa','Borsod-Abaúj-Zemplén','3963'),('Karos','Borsod-Abaúj-Zemplén','3962'),('Kazincbarcika','Borsod-Abaúj-Zemplén','3700'),('Kázsmárk','Borsod-Abaúj-Zemplén','3831'),('Kéked','Borsod-Abaúj-Zemplén','3899'),('Kelemér','Borsod-Abaúj-Zemplén','3728'),('Kenézlő','Borsod-Abaúj-Zemplén','3955'),('Keresztéte','Borsod-Abaúj-Zemplén','3821'),('Kesznyéten','Borsod-Abaúj-Zemplén','3579'),('Királd','Borsod-Abaúj-Zemplén','3657'),('Kiscsécs','Borsod-Abaúj-Zemplén','3578'),('Kisgyőr','Borsod-Abaúj-Zemplén','3556'),('Kishuta','Borsod-Abaúj-Zemplén','3994'),('Kiskinizs','Borsod-Abaúj-Zemplén','3843'),('Kisrozvágy','Borsod-Abaúj-Zemplén','3965'),('Kissikátor','Borsod-Abaúj-Zemplén','3627'),('Kistokaj','Borsod-Abaúj-Zemplén','3553'),('Komjáti','Borsod-Abaúj-Zemplén','3765'),('Komlóska','Borsod-Abaúj-Zemplén','3937'),('Kondó','Borsod-Abaúj-Zemplén','3775'),('Korlát','Borsod-Abaúj-Zemplén','3886'),('Kovácsvágás','Borsod-Abaúj-Zemplén','3992'),('Köröm','Borsod-Abaúj-Zemplén','3577'),('Krasznokvajda','Borsod-Abaúj-Zemplén','3821'),('Kupa','Borsod-Abaúj-Zemplén','3813'),('Kurityán','Borsod-Abaúj-Zemplén','3732'),('Lácacséke','Borsod-Abaúj-Zemplén','3967'),('Ládbesenyő','Borsod-Abaúj-Zemplén','3780'),('Lak','Borsod-Abaúj-Zemplén','3786'),('Legyesbénye','Borsod-Abaúj-Zemplén','3904'),('Léh','Borsod-Abaúj-Zemplén','3832'),('Lénárddaróc','Borsod-Abaúj-Zemplén','3648'),('Litka','Borsod-Abaúj-Zemplén','3866'),('Mád','Borsod-Abaúj-Zemplén','3909'),('Makkoshotyka','Borsod-Abaúj-Zemplén','3959'),('Mályi','Borsod-Abaúj-Zemplén','3434'),('Mályinka','Borsod-Abaúj-Zemplén','3645'),('Martonyi','Borsod-Abaúj-Zemplén','3755'),('Megyaszó','Borsod-Abaúj-Zemplén','3718'),('Méra','Borsod-Abaúj-Zemplén','3871'),('Meszes','Borsod-Abaúj-Zemplén','3754'),('Mezőcsát','Borsod-Abaúj-Zemplén','3450'),('Mezőkeresztes','Borsod-Abaúj-Zemplén','3441'),('Mezőkövesd','Borsod-Abaúj-Zemplén','3400'),('Mezőnagymihály','Borsod-Abaúj-Zemplén','3443'),('Mezőnyárád','Borsod-Abaúj-Zemplén','3421'),('Mezőzombor','Borsod-Abaúj-Zemplén','3931'),('Mikóháza','Borsod-Abaúj-Zemplén','3989'),('Miskolc','Borsod-Abaúj-Zemplén','3501'),('Miskolc','Borsod-Abaúj-Zemplén','3516'),('Miskolc','Borsod-Abaúj-Zemplén','3532'),('Miskolc','Borsod-Abaúj-Zemplén','3525'),('Miskolc','Borsod-Abaúj-Zemplén','3533'),('Miskolc','Borsod-Abaúj-Zemplén','3558'),('Miskolc','Borsod-Abaúj-Zemplén','3511'),('Miskolc','Borsod-Abaúj-Zemplén','3510'),('Miskolc','Borsod-Abaúj-Zemplén','3508'),('Miskolc','Borsod-Abaúj-Zemplén','3518'),('Miskolc','Borsod-Abaúj-Zemplén','3527'),('Miskolc','Borsod-Abaúj-Zemplén','3531'),('Miskolc','Borsod-Abaúj-Zemplén','3519'),('Miskolc','Borsod-Abaúj-Zemplén','3534'),('Miskolc','Borsod-Abaúj-Zemplén','3529'),('Miskolc','Borsod-Abaúj-Zemplén','3517'),('Miskolc','Borsod-Abaúj-Zemplén','3521'),('Miskolc','Borsod-Abaúj-Zemplén','3500'),('Miskolc','Borsod-Abaúj-Zemplén','3528'),('Miskolc','Borsod-Abaúj-Zemplén','3535'),('Mogyoróska','Borsod-Abaúj-Zemplén','3893'),('Monaj','Borsod-Abaúj-Zemplén','3812'),('Monok','Borsod-Abaúj-Zemplén','3905'),('Múcsony','Borsod-Abaúj-Zemplén','3744'),('Muhi','Borsod-Abaúj-Zemplén','3552'),('Nagybarca','Borsod-Abaúj-Zemplén','3641'),('Nagycsécs','Borsod-Abaúj-Zemplén','3598'),('Nagyhuta','Borsod-Abaúj-Zemplén','3994'),('Nagykinizs','Borsod-Abaúj-Zemplén','3844'),('Nagyrozvágy','Borsod-Abaúj-Zemplén','3965'),('Négyes','Borsod-Abaúj-Zemplén','3463'),('Nekézseny','Borsod-Abaúj-Zemplén','3646'),('Nemesbikk','Borsod-Abaúj-Zemplén','3592'),('Novajidrány','Borsod-Abaúj-Zemplén','3872'),('Nyékládháza','Borsod-Abaúj-Zemplén','3433'),('Nyésta','Borsod-Abaúj-Zemplén','3809'),('Nyíri','Borsod-Abaúj-Zemplén','3997'),('Nyomár','Borsod-Abaúj-Zemplén','3795'),('Olaszliszka','Borsod-Abaúj-Zemplén','3933'),('Onga','Borsod-Abaúj-Zemplén','3562'),('Ónod','Borsod-Abaúj-Zemplén','3551'),('Ormosbánya','Borsod-Abaúj-Zemplén','3743'),('Oszlár','Borsod-Abaúj-Zemplén','3591'),('Ózd','Borsod-Abaúj-Zemplén','3604'),('Ózd','Borsod-Abaúj-Zemplén','3651'),('Ózd','Borsod-Abaúj-Zemplén','3600'),('Ózd','Borsod-Abaúj-Zemplén','3621'),('Ózd','Borsod-Abaúj-Zemplén','3661'),('Pácin','Borsod-Abaúj-Zemplén','3964'),('Pálháza','Borsod-Abaúj-Zemplén','3994'),('Pamlény','Borsod-Abaúj-Zemplén','3821'),('Pányok','Borsod-Abaúj-Zemplén','3898'),('Parasznya','Borsod-Abaúj-Zemplén','3777'),('Pere','Borsod-Abaúj-Zemplén','3853'),('Perecse','Borsod-Abaúj-Zemplén','3821'),('Perkupa','Borsod-Abaúj-Zemplén','3756'),('Prügy','Borsod-Abaúj-Zemplén','3925'),('Pusztafalu','Borsod-Abaúj-Zemplén','3995'),('Pusztaradvány','Borsod-Abaúj-Zemplén','3874'),('Putnok','Borsod-Abaúj-Zemplén','3630'),('Radostyán','Borsod-Abaúj-Zemplén','3776'),('Ragály','Borsod-Abaúj-Zemplén','3724'),('Rakaca','Borsod-Abaúj-Zemplén','3825'),('Rakacaszend','Borsod-Abaúj-Zemplén','3826'),('Rásonysápberencs','Borsod-Abaúj-Zemplén','3833'),('Rátka','Borsod-Abaúj-Zemplén','3908'),('Regéc','Borsod-Abaúj-Zemplén','3893'),('Répáshuta','Borsod-Abaúj-Zemplén','3559'),('Révleányvár','Borsod-Abaúj-Zemplén','3976'),('Ricse','Borsod-Abaúj-Zemplén','3974'),('Rudabánya','Borsod-Abaúj-Zemplén','3733'),('Rudolftelep','Borsod-Abaúj-Zemplén','3742'),('Sajóbábony','Borsod-Abaúj-Zemplén','3792'),('Sajóecseg','Borsod-Abaúj-Zemplén','3793'),('Sajógalgóc','Borsod-Abaúj-Zemplén','3636'),('Sajóhídvég','Borsod-Abaúj-Zemplén','3576'),('Sajóivánka','Borsod-Abaúj-Zemplén','3720'),('Sajókápolna','Borsod-Abaúj-Zemplén','3773'),('Sajókaza','Borsod-Abaúj-Zemplén','3720'),('Sajókeresztúr','Borsod-Abaúj-Zemplén','3791'),('Sajólád','Borsod-Abaúj-Zemplén','3572'),('Sajólászlófalva','Borsod-Abaúj-Zemplén','3773'),('Sajómercse','Borsod-Abaúj-Zemplén','3656'),('Sajónémeti','Borsod-Abaúj-Zemplén','3652'),('Sajóörös','Borsod-Abaúj-Zemplén','3586'),('Sajópálfala','Borsod-Abaúj-Zemplén','3714'),('Sajópetri','Borsod-Abaúj-Zemplén','3573'),('Sajópüspöki','Borsod-Abaúj-Zemplén','3653'),('Sajósenye','Borsod-Abaúj-Zemplén','3712'),('Sajószentpéter','Borsod-Abaúj-Zemplén','3770'),('Sajószöged','Borsod-Abaúj-Zemplén','3599'),('Sajóvámos','Borsod-Abaúj-Zemplén','3712'),('Sajóvelezd','Borsod-Abaúj-Zemplén','3656'),('Sály','Borsod-Abaúj-Zemplén','3425'),('Sárazsadány','Borsod-Abaúj-Zemplén','3942'),('Sárospatak','Borsod-Abaúj-Zemplén','3950'),('Sárospatak','Borsod-Abaúj-Zemplén','3961'),('Sárospatak','Borsod-Abaúj-Zemplén','3980'),('Sáta','Borsod-Abaúj-Zemplén','3659'),('Sátoraljaújhely','Borsod-Abaúj-Zemplén','3980'),('Sátoraljaújhely','Borsod-Abaúj-Zemplén','3944'),('Sátoraljaújhely','Borsod-Abaúj-Zemplén','3945'),('Sátoraljaújhely','Borsod-Abaúj-Zemplén','3988'),('Selyeb','Borsod-Abaúj-Zemplén','3809'),('Semjén','Borsod-Abaúj-Zemplén','3974'),('Serényfalva','Borsod-Abaúj-Zemplén','3729'),('Sima','Borsod-Abaúj-Zemplén','3881'),('Sóstófalva','Borsod-Abaúj-Zemplén','3716'),('Szakácsi','Borsod-Abaúj-Zemplén','3786'),('Szakáld','Borsod-Abaúj-Zemplén','3596'),('Szalaszend','Borsod-Abaúj-Zemplén','3863'),('Szalonna','Borsod-Abaúj-Zemplén','3754'),('Szászfa','Borsod-Abaúj-Zemplén','3821'),('Szegi','Borsod-Abaúj-Zemplén','3918'),('Szegilong','Borsod-Abaúj-Zemplén','3918'),('Szemere','Borsod-Abaúj-Zemplén','3866'),('Szendrő','Borsod-Abaúj-Zemplén','3752'),('Szendrő','Borsod-Abaúj-Zemplén','3751'),('Szendrőlád','Borsod-Abaúj-Zemplén','3751'),('Szentistván','Borsod-Abaúj-Zemplén','3418'),('Szentistvánbaksa','Borsod-Abaúj-Zemplén','3844'),('Szerencs','Borsod-Abaúj-Zemplén','3900'),('Szikszó','Borsod-Abaúj-Zemplén','3800'),('Szin','Borsod-Abaúj-Zemplén','3761'),('Szinpetri','Borsod-Abaúj-Zemplén','3761'),('Szirmabesenyő','Borsod-Abaúj-Zemplén','3711'),('Szomolya','Borsod-Abaúj-Zemplén','3411'),('Szögliget','Borsod-Abaúj-Zemplén','3762'),('Szőlősardó','Borsod-Abaúj-Zemplén','3757'),('Szuhafő','Borsod-Abaúj-Zemplén','3726'),('Szuhakálló','Borsod-Abaúj-Zemplén','3731'),('Szuhogy','Borsod-Abaúj-Zemplén','3734'),('Taktabáj','Borsod-Abaúj-Zemplén','3926'),('Taktaharkány','Borsod-Abaúj-Zemplén','3922'),('Taktakenéz','Borsod-Abaúj-Zemplén','3924'),('Taktaszada','Borsod-Abaúj-Zemplén','3921'),('Tállya','Borsod-Abaúj-Zemplén','3907'),('Tarcal','Borsod-Abaúj-Zemplén','3915'),('Tard','Borsod-Abaúj-Zemplén','3416'),('Tardona','Borsod-Abaúj-Zemplén','3644'),('Telkibánya','Borsod-Abaúj-Zemplén','3896'),('Teresztenye','Borsod-Abaúj-Zemplén','3757'),('Tibolddaróc','Borsod-Abaúj-Zemplén','3423'),('Tiszabábolna','Borsod-Abaúj-Zemplén','3465'),('Tiszacsermely','Borsod-Abaúj-Zemplén','3972'),('Tiszadorogma','Borsod-Abaúj-Zemplén','3466'),('Tiszakarád','Borsod-Abaúj-Zemplén','3971'),('Tiszakeszi','Borsod-Abaúj-Zemplén','3458'),('Tiszaladány','Borsod-Abaúj-Zemplén','3929'),('Tiszalúc','Borsod-Abaúj-Zemplén','3565'),('Tiszapalkonya','Borsod-Abaúj-Zemplén','3587'),('Tiszatardos','Borsod-Abaúj-Zemplén','3928'),('Tiszatarján','Borsod-Abaúj-Zemplén','3589'),('Tiszaújváros','Borsod-Abaúj-Zemplén','3580'),('Tiszavalk','Borsod-Abaúj-Zemplén','3464'),('Tokaj','Borsod-Abaúj-Zemplén','3910'),('Tolcsva','Borsod-Abaúj-Zemplén','3934'),('Tomor','Borsod-Abaúj-Zemplén','3787'),('Tornabarakony','Borsod-Abaúj-Zemplén','3765'),('Tornakápolna','Borsod-Abaúj-Zemplén','3761'),('Tornanádaska','Borsod-Abaúj-Zemplén','3767'),('Tornaszentandrás','Borsod-Abaúj-Zemplén','3765'),('Tornaszentjakab','Borsod-Abaúj-Zemplén','3769'),('Tornyosnémeti','Borsod-Abaúj-Zemplén','3877'),('Trizs','Borsod-Abaúj-Zemplén','3724'),('Újcsanálos','Borsod-Abaúj-Zemplén','3716'),('Uppony','Borsod-Abaúj-Zemplén','3622'),('Vadna','Borsod-Abaúj-Zemplén','3636'),('Vágáshuta','Borsod-Abaúj-Zemplén','3992'),('Vajdácska','Borsod-Abaúj-Zemplén','3961'),('Vámosújfalu','Borsod-Abaúj-Zemplén','3941'),('Varbó','Borsod-Abaúj-Zemplén','3778'),('Varbóc','Borsod-Abaúj-Zemplén','3756'),('Vatta','Borsod-Abaúj-Zemplén','3431'),('Vatta','Borsod-Abaúj-Zemplén','3442'),('Vilmány','Borsod-Abaúj-Zemplén','3891'),('Vilyvitány','Borsod-Abaúj-Zemplén','3991'),('Viss','Borsod-Abaúj-Zemplén','3956'),('Viszló','Borsod-Abaúj-Zemplén','3825'),('Vizsoly','Borsod-Abaúj-Zemplén','3888'),('Zádorfalva','Borsod-Abaúj-Zemplén','3726'),('Zalkod','Borsod-Abaúj-Zemplén','3957'),('Zemplénagárd','Borsod-Abaúj-Zemplén','3977'),('Ziliz','Borsod-Abaúj-Zemplén','3794'),('Zubogy','Borsod-Abaúj-Zemplén','3723'),('Zsujta','Borsod-Abaúj-Zemplén','3897'),('Algyő','Csongrád','6750'),('Ambrózfalva','Csongrád','6916'),('Apátfalva','Csongrád','6931'),('Árpádhalom','Csongrád','6623'),('Ásotthalom','Csongrád','6783'),('Baks','Csongrád','6768'),('Balástya','Csongrád','6764'),('Bordány','Csongrád','6795'),('Csanádalberti','Csongrád','6915'),('Csanádpalota','Csongrád','6913'),('Csanytelek','Csongrád','6647'),('Csengele','Csongrád','6765'),('Csongrád','Csongrád','6648'),('Csongrád','Csongrád','6640'),('Derekegyház','Csongrád','6621'),('Deszk','Csongrád','6772'),('Dóc','Csongrád','6766'),('Domaszék','Csongrád','6781'),('Eperjes','Csongrád','6624'),('Fábiánsebestyén','Csongrád','6625'),('Felgyő','Csongrád','6645'),('Ferencszállás','Csongrád','6774'),('Forráskút','Csongrád','6793'),('Földeák','Csongrád','6922'),('Hódmezővásárhely','Csongrád','6800'),('Hódmezővásárhely','Csongrád','6636'),('Hódmezővásárhely','Csongrád','6806'),('Királyhegyes','Csongrád','6911'),('Kistelek','Csongrád','6760'),('Kiszombor','Csongrád','6775'),('Klárafalva','Csongrád','6773'),('Kövegy','Csongrád','6912'),('Kübekháza','Csongrád','6755'),('Magyarcsanád','Csongrád','6932'),('Makó','Csongrád','6903'),('Makó','Csongrád','6900'),('Nagymágocs','Csongrád','6622'),('Nagytőke','Csongrád','6612'),('Óföldeák','Csongrád','6923'),('Ópusztaszer','Csongrád','6767'),('Öttömös','Csongrád','6784'),('Pitvaros','Csongrád','6914'),('Pusztamérges','Csongrád','6785'),('Pusztaszer','Csongrád','6769'),('Röszke','Csongrád','6758'),('Ruzsa','Csongrád','6786'),('Sándorfalva','Csongrád','6762'),('Szatymaz','Csongrád','6763'),('Szeged','Csongrád','6726'),('Szeged','Csongrád','6725'),('Szeged','Csongrád','6753'),('Szeged','Csongrád','6750'),('Szeged','Csongrád','6728'),('Szeged','Csongrád','6729'),('Szeged','Csongrád','6710'),('Szeged','Csongrád','6791'),('Szeged','Csongrád','6757'),('Szeged','Csongrád','6700'),('Szeged','Csongrád','6771'),('Szegvár','Csongrád','6635'),('Székkutas','Csongrád','6821'),('Szentes','Csongrád','6600'),('Tiszasziget','Csongrád','6756'),('Tömörkény','Csongrád','6646'),('Újszentiván','Csongrád','6754'),('Üllés','Csongrád','6794'),('Zákányszék','Csongrád','6787'),('Zsombó','Csongrád','6792'),('Aba','Fejér','8127'),('Aba','Fejér','8128'),('Adony','Fejér','2457'),('Alap','Fejér','7011'),('Alcsútdoboz','Fejér','8087'),('Alsószentiván','Fejér','7012'),('Bakonycsernye','Fejér','8056'),('Bakonykúti','Fejér','8045'),('Balinka','Fejér','8054'),('Balinka','Fejér','8055'),('Baracs','Fejér','2426'),('Baracs','Fejér','2427'),('Baracska','Fejér','2471'),('Beloiannisz','Fejér','2455'),('Besnyő','Fejér','2456'),('Bicske','Fejér','2060'),('Bicske','Fejér','2064'),('Bodajk','Fejér','8053'),('Bodmér','Fejér','8085'),('Cece','Fejér','7013'),('Csabdi','Fejér','2064'),('Csákberény','Fejér','8073'),('Csákvár','Fejér','8083'),('Csókakő','Fejér','8074'),('Csór','Fejér','8041'),('Csősz','Fejér','8122'),('Daruszentmiklós','Fejér','2423'),('Dég','Fejér','8135'),('Dunaújváros','Fejér','2400'),('Dunaújváros','Fejér','2407'),('Előszállás','Fejér','2424'),('Enying','Fejér','8130'),('Enying','Fejér','8131'),('Ercsi','Fejér','2451'),('Ercsi','Fejér','2453'),('Etyek','Fejér','2091'),('Fehérvárcsurgó','Fejér','8052'),('Felcsút','Fejér','8086'),('Füle','Fejér','8157'),('Gánt','Fejér','8082'),('Gárdony','Fejér','2484'),('Gárdony','Fejér','2485'),('Gárdony','Fejér','2483'),('Gyúró','Fejér','2464'),('Hantos','Fejér','2434'),('Igar','Fejér','7016'),('Igar','Fejér','7015'),('Iszkaszentgyörgy','Fejér','8043'),('Isztimér','Fejér','8045'),('Iváncsa','Fejér','2454'),('Jenő','Fejér','8146'),('Kajászó','Fejér','2472'),('Káloz','Fejér','8124'),('Kápolnásnyék','Fejér','2475'),('Kincsesbánya','Fejér','8044'),('Kisapostag','Fejér','2428'),('Kisláng','Fejér','8156'),('Kőszárhegy','Fejér','8152'),('Kulcs','Fejér','2458'),('Lajoskomárom','Fejér','8136'),('Lepsény','Fejér','8132'),('Lovasberény','Fejér','8093'),('Magyaralmás','Fejér','8071'),('Mány','Fejér','2065'),('Martonvásár','Fejér','2462'),('Mátyásdomb','Fejér','8134'),('Mezőfalva','Fejér','2422'),('Mezőkomárom','Fejér','8137'),('Mezőszentgyörgy','Fejér','8133'),('Mezőszilas','Fejér','7017'),('Moha','Fejér','8042'),('Mór','Fejér','8060'),('Nadap','Fejér','8097'),('Nádasdladány','Fejér','8145'),('Nagykarácsony','Fejér','2425'),('Nagylók','Fejér','2435'),('Nagyveleg','Fejér','8065'),('Nagyvenyim','Fejér','2421'),('Óbarok','Fejér','2063'),('Pákozd','Fejér','8095'),('Pátka','Fejér','8092'),('Pázmánd','Fejér','2476'),('Perkáta','Fejér','2431'),('Polgárdi','Fejér','8155'),('Polgárdi','Fejér','8154'),('Polgárdi','Fejér','8153'),('Pusztaszabolcs','Fejér','2490'),('Pusztavám','Fejér','8066'),('Rácalmás','Fejér','2459'),('Ráckeresztúr','Fejér','2465'),('Sárbogárd','Fejér','7000'),('Sárbogárd','Fejér','7003'),('Sárbogárd','Fejér','7019'),('Sárbogárd','Fejér','7018'),('Sáregres','Fejér','7014'),('Sárkeresztes','Fejér','8051'),('Sárkeresztúr','Fejér','8125'),('Sárkeszi','Fejér','8144'),('Sárosd','Fejér','2433'),('Sárszentágota','Fejér','8126'),('Sárszentmihály','Fejér','8143'),('Sárszentmihály','Fejér','8141'),('Seregélyes','Fejér','8111'),('Soponya','Fejér','8123'),('Söréd','Fejér','8072'),('Sukoró','Fejér','8096'),('Szabadbattyán','Fejér','8151'),('Szabadegyháza','Fejér','2432'),('Szabadhídvég','Fejér','8138'),('Szabadhídvég','Fejér','8139'),('Szár','Fejér','2066'),('Székesfehérvár','Fejér','8000'),('Székesfehérvár','Fejér','8019'),('Tabajd','Fejér','8088'),('Tác','Fejér','8121'),('Tordas','Fejér','2463'),('Újbarok','Fejér','2066'),('Úrhida','Fejér','8142'),('Vajta','Fejér','7041'),('Vál','Fejér','2473'),('Velence','Fejér','2481'),('Vereb','Fejér','2477'),('Vértesacsa','Fejér','8089'),('Vértesboglár','Fejér','8085'),('Zámoly','Fejér','8081'),('Zichyújfalu','Fejér','8112'),('\"Budapest I. kerület\"','főváros','*'),('\"Budapest II. kerület\"','főváros','*'),('\"Budapest II. kerület\"','főváros','–'),('\"Budapest III. kerület\"','főváros','–'),('\"Budapest III. kerület\"','főváros','*'),('\"Budapest IV. kerület\"','főváros','*'),('\"Budapest IX. kerület\"','főváros','*'),('\"Budapest V. kerület\"','főváros','*'),('\"Budapest VI. kerület\"','főváros','*'),('\"Budapest VII. kerület\"','főváros','*'),('\"Budapest VIII. kerület\"','főváros','*'),('\"Budapest X. kerület\"','főváros','–'),('\"Budapest X. kerület\"','főváros','*'),('\"Budapest XI. kerület\"','főváros','–'),('\"Budapest XI. kerület\"','főváros','*'),('\"Budapest XII. kerület\"','főváros','–'),('\"Budapest XII. kerület\"','főváros','*'),('\"Budapest XIII. kerület\"','főváros','*'),('\"Budapest XIV. kerület\"','főváros','*'),('\"Budapest XIX. kerület\"','főváros','*'),('\"Budapest XV. kerület\"','főváros','*'),('\"Budapest XVI. kerület\"','főváros','–'),('\"Budapest XVI. kerület\"','főváros','*'),('\"Budapest XVII. kerület\"','főváros','–'),('\"Budapest XVII. kerület\"','főváros','*'),('\"Budapest XVIII. kerület\"','főváros','–'),('\"Budapest XVIII. kerület\"','főváros','*'),('\"Budapest XX. kerület\"','főváros','–'),('\"Budapest XX. kerület\"','főváros','*'),('\"Budapest XXI. kerület\"','Főváros','–'),('\"Budapest XXI. kerület\"','Főváros','*'),('\"Budapest XXII. kerület\"','főváros','–'),('\"Budapest XXII. kerület\"','főváros','*'),('\"Budapest XXIII. kerület\"','főváros','*'),('\"Budapest XXIII. kerület\"','főváros','–'),('Abda','Győr-Moson-Sopron','9151'),('Acsalag','Győr-Moson-Sopron','9168'),('Ágfalva','Győr-Moson-Sopron','9423'),('Agyagosszergény','Győr-Moson-Sopron','9441'),('Árpás','Győr-Moson-Sopron','9132'),('Ásványráró','Győr-Moson-Sopron','9177'),('Babót','Győr-Moson-Sopron','9351'),('Bágyogszovát','Győr-Moson-Sopron','9145'),('Bakonygyirót','Győr-Moson-Sopron','8433'),('Bakonypéterd','Győr-Moson-Sopron','9088'),('Bakonyszentlászló','Győr-Moson-Sopron','8431'),('Barbacs','Győr-Moson-Sopron','9169'),('Beled','Győr-Moson-Sopron','9343'),('Bezenye','Győr-Moson-Sopron','9223'),('Bezi','Győr-Moson-Sopron','9162'),('Bodonhely','Győr-Moson-Sopron','9134'),('Bogyoszló','Győr-Moson-Sopron','9324'),('Bőny','Győr-Moson-Sopron','9073'),('Börcs','Győr-Moson-Sopron','9152'),('Bősárkány','Győr-Moson-Sopron','9167'),('Cakóháza','Győr-Moson-Sopron','9165'),('Cirák','Győr-Moson-Sopron','9364'),('Csáfordjánosfa','Győr-Moson-Sopron','9375'),('Csapod','Győr-Moson-Sopron','9372'),('Csér','Győr-Moson-Sopron','9375'),('Csikvánd','Győr-Moson-Sopron','9127'),('Csorna','Győr-Moson-Sopron','9300'),('Csorna','Győr-Moson-Sopron','9147'),('Csorna','Győr-Moson-Sopron','9168'),('Darnózseli','Győr-Moson-Sopron','9232'),('Dénesfa','Győr-Moson-Sopron','9365'),('Dör','Győr-Moson-Sopron','9169'),('Dör','Győr-Moson-Sopron','9147'),('Dunakiliti','Győr-Moson-Sopron','9225'),('Dunaremete','Győr-Moson-Sopron','9235'),('Dunaszeg','Győr-Moson-Sopron','9174'),('Dunaszentpál','Győr-Moson-Sopron','9175'),('Dunasziget','Győr-Moson-Sopron','9226'),('Ebergőc','Győr-Moson-Sopron','9451'),('Écs','Győr-Moson-Sopron','9083'),('Edve','Győr-Moson-Sopron','9343'),('Egyed','Győr-Moson-Sopron','9314'),('Egyházasfalu','Győr-Moson-Sopron','9473'),('Enese','Győr-Moson-Sopron','9143'),('Farád','Győr-Moson-Sopron','9321'),('Fehértó','Győr-Moson-Sopron','9163'),('Feketeerdő','Győr-Moson-Sopron','9211'),('Felpéc','Győr-Moson-Sopron','9122'),('Fenyőfő','Győr-Moson-Sopron','8432'),('Fertőboz','Győr-Moson-Sopron','9493'),('Fertőd','Győr-Moson-Sopron','9431'),('Fertőd','Győr-Moson-Sopron','9433'),('Fertőendréd','Győr-Moson-Sopron','9442'),('Fertőhomok','Győr-Moson-Sopron','9492'),('Fertőrákos','Győr-Moson-Sopron','9421'),('Fertőrákos','Győr-Moson-Sopron','9407'),('Fertőszentmiklós','Győr-Moson-Sopron','9444'),('Fertőszéplak','Győr-Moson-Sopron','9436'),('Gönyű','Győr-Moson-Sopron','9071'),('Gyalóka','Győr-Moson-Sopron','9474'),('Gyarmat','Győr-Moson-Sopron','9126'),('Gyóró','Győr-Moson-Sopron','9363'),('Gyömöre','Győr-Moson-Sopron','9124'),('Győr','Győr-Moson-Sopron','9027'),('Győr','Győr-Moson-Sopron','9028'),('Győr','Győr-Moson-Sopron','9025'),('Győr','Győr-Moson-Sopron','9011'),('Győr','Győr-Moson-Sopron','9026'),('Győr','Győr-Moson-Sopron','9024'),('Győr','Győr-Moson-Sopron','9019'),('Győr','Győr-Moson-Sopron','9000'),('Győr','Győr-Moson-Sopron','9012'),('Győr','Győr-Moson-Sopron','9002'),('Győrasszonyfa','Győr-Moson-Sopron','8436'),('Győrasszonyfa','Győr-Moson-Sopron','9093'),('Győrladamér','Győr-Moson-Sopron','9173'),('Győrság','Győr-Moson-Sopron','9084'),('Győrsövényház','Győr-Moson-Sopron','9161'),('Győrszemere','Győr-Moson-Sopron','9121'),('Győrújbarát','Győr-Moson-Sopron','9081'),('Győrújbarát','Győr-Moson-Sopron','9028'),('Győrújfalu','Győr-Moson-Sopron','9171'),('Győrzámoly','Győr-Moson-Sopron','9172'),('Győrzámoly','Győr-Moson-Sopron','9061'),('Halászi','Győr-Moson-Sopron','9228'),('Harka','Győr-Moson-Sopron','9422'),('Hédervár','Győr-Moson-Sopron','9178'),('Hédervár','Győr-Moson-Sopron','9176'),('Hédervár','Győr-Moson-Sopron','9177'),('Hegyeshalom','Győr-Moson-Sopron','9222'),('Hegykő','Győr-Moson-Sopron','9437'),('Hidegség','Győr-Moson-Sopron','9492'),('Hidegség','Győr-Moson-Sopron','9491'),('Himod','Győr-Moson-Sopron','9362'),('Hövej','Győr-Moson-Sopron','9361'),('Ikrény','Győr-Moson-Sopron','9141'),('Iván','Győr-Moson-Sopron','9374'),('Jánossomorja','Győr-Moson-Sopron','9242'),('Jánossomorja','Győr-Moson-Sopron','9241'),('Jánossomorja','Győr-Moson-Sopron','9167'),('Jánossomorja','Győr-Moson-Sopron','9243'),('Jobaháza','Győr-Moson-Sopron','9323'),('Kajárpéc','Győr-Moson-Sopron','9123'),('Kajárpéc','Győr-Moson-Sopron','8553'),('Kapuvár','Győr-Moson-Sopron','9330'),('Kapuvár','Győr-Moson-Sopron','9339'),('Károlyháza','Győr-Moson-Sopron','9182'),('Kimle','Győr-Moson-Sopron','9181'),('Kisbabot','Győr-Moson-Sopron','9133'),('Kisbajcs','Győr-Moson-Sopron','9062'),('Kisbodak','Győr-Moson-Sopron','9234'),('Kisfalud','Győr-Moson-Sopron','9341'),('Kóny','Győr-Moson-Sopron','9144'),('Kópháza','Győr-Moson-Sopron','9495'),('Koroncó','Győr-Moson-Sopron','9113'),('Kunsziget','Győr-Moson-Sopron','9184'),('Lázi','Győr-Moson-Sopron','9089'),('Lébény','Győr-Moson-Sopron','9183'),('Lébény','Győr-Moson-Sopron','9155'),('Levél','Győr-Moson-Sopron','9221'),('Lipót','Győr-Moson-Sopron','9233'),('Lövő','Győr-Moson-Sopron','9461'),('Maglóca','Győr-Moson-Sopron','9169'),('Magyarkeresztúr','Győr-Moson-Sopron','9346'),('Máriakálnok','Győr-Moson-Sopron','9231'),('Markotabödöge','Győr-Moson-Sopron','9164'),('Mecsér','Győr-Moson-Sopron','9176'),('Mérges','Győr-Moson-Sopron','9136'),('Mezőörs','Győr-Moson-Sopron','9097'),('Mihályi','Győr-Moson-Sopron','9342'),('Mórichida','Győr-Moson-Sopron','9131'),('Mosonmagyaróvár','Győr-Moson-Sopron','9200'),('Mosonszentmiklós','Győr-Moson-Sopron','9183'),('Mosonszentmiklós','Győr-Moson-Sopron','9154'),('Mosonszentmiklós','Győr-Moson-Sopron','9152'),('Mosonszolnok','Győr-Moson-Sopron','9245'),('Nagybajcs','Győr-Moson-Sopron','9063'),('Nagycenk','Győr-Moson-Sopron','9485'),('Nagylózs','Győr-Moson-Sopron','9482'),('Nagyszentjános','Győr-Moson-Sopron','9072'),('Nemeskér','Győr-Moson-Sopron','9471'),('Nyalka','Győr-Moson-Sopron','9096'),('Nyúl','Győr-Moson-Sopron','9082'),('Osli','Győr-Moson-Sopron','9354'),('Öttevény','Győr-Moson-Sopron','9153'),('Öttevény','Győr-Moson-Sopron','9183'),('Páli','Győr-Moson-Sopron','9345'),('Pannonhalma','Győr-Moson-Sopron','9091'),('Pannonhalma','Győr-Moson-Sopron','9090'),('Pásztori','Győr-Moson-Sopron','9311'),('Pázmándfalu','Győr-Moson-Sopron','9085'),('Pér','Győr-Moson-Sopron','9099'),('Pér','Győr-Moson-Sopron','9098'),('Pereszteg','Győr-Moson-Sopron','9484'),('Petőháza','Győr-Moson-Sopron','9443'),('Pinnye','Győr-Moson-Sopron','9481'),('Potyond','Győr-Moson-Sopron','9324'),('Pusztacsalád','Győr-Moson-Sopron','9373'),('Püski','Győr-Moson-Sopron','9235'),('Rábacsanak','Győr-Moson-Sopron','9313'),('Rábacsécsény','Győr-Moson-Sopron','9136'),('Rábakecöl','Győr-Moson-Sopron','9344'),('Rábapatona','Győr-Moson-Sopron','9142'),('Rábapordány','Győr-Moson-Sopron','9146'),('Rábasebes','Győr-Moson-Sopron','9327'),('Rábaszentandrás','Győr-Moson-Sopron','9316'),('Rábaszentmihály','Győr-Moson-Sopron','9136'),('Rábaszentmihály','Győr-Moson-Sopron','9135'),('Rábaszentmiklós','Győr-Moson-Sopron','9133'),('Rábatamási','Győr-Moson-Sopron','9322'),('Rábcakapi','Győr-Moson-Sopron','9165'),('Rajka','Győr-Moson-Sopron','9224'),('Ravazd','Győr-Moson-Sopron','9091'),('Ravazd','Győr-Moson-Sopron','9112'),('Répceszemere','Győr-Moson-Sopron','9375'),('Répcevis','Győr-Moson-Sopron','9475'),('Rétalap','Győr-Moson-Sopron','9074'),('Románd','Győr-Moson-Sopron','8434'),('Röjtökmuzsaj','Győr-Moson-Sopron','9451'),('Sarród','Győr-Moson-Sopron','9434'),('Sarród','Győr-Moson-Sopron','9435'),('Sikátor','Győr-Moson-Sopron','8439'),('Sobor','Győr-Moson-Sopron','9315'),('Sokorópátka','Győr-Moson-Sopron','9112'),('Sopron','Győr-Moson-Sopron','9494'),('Sopron','Győr-Moson-Sopron','9400'),('Sopron','Győr-Moson-Sopron','9408'),('Sopron','Győr-Moson-Sopron','9422'),('Sopron','Győr-Moson-Sopron','9407'),('Sopronhorpács','Győr-Moson-Sopron','9463'),('Sopronkövesd','Győr-Moson-Sopron','9483'),('Sopronnémeti','Győr-Moson-Sopron','9325'),('Szakony','Győr-Moson-Sopron','9474'),('Szany','Győr-Moson-Sopron','9317'),('Szárföld','Győr-Moson-Sopron','9353'),('Szerecseny','Győr-Moson-Sopron','9125'),('Szil','Győr-Moson-Sopron','9326'),('Szilsárkány','Győr-Moson-Sopron','9312'),('Táp','Győr-Moson-Sopron','9095'),('Tápszentmiklós','Győr-Moson-Sopron','9094'),('Tarjánpuszta','Győr-Moson-Sopron','9092'),('Tárnokréti','Győr-Moson-Sopron','9165'),('Tényő','Győr-Moson-Sopron','9111'),('Tét','Győr-Moson-Sopron','9100'),('Tét','Győr-Moson-Sopron','9121'),('Töltéstava','Győr-Moson-Sopron','9086'),('Újkér','Győr-Moson-Sopron','9471'),('Újkér','Győr-Moson-Sopron','9472'),('Újrónafő','Győr-Moson-Sopron','9244'),('Und','Győr-Moson-Sopron','9464'),('Vadosfa','Győr-Moson-Sopron','9346'),('Vág','Győr-Moson-Sopron','9327'),('Vámosszabadi','Győr-Moson-Sopron','9061'),('Várbalog','Győr-Moson-Sopron','9243'),('Vásárosfalu','Győr-Moson-Sopron','9343'),('Vének','Győr-Moson-Sopron','9062'),('Veszkény','Győr-Moson-Sopron','9352'),('Veszprémvarsány','Győr-Moson-Sopron','8438'),('Vitnyéd','Győr-Moson-Sopron','9371'),('Völcsej','Győr-Moson-Sopron','9462'),('Zsebeháza','Győr-Moson-Sopron','9346'),('Zsira','Győr-Moson-Sopron','9476'),('Álmosd','Hajdú-Bihar','4285'),('Ártánd','Hajdú-Bihar','4115'),('Bagamér','Hajdú-Bihar','4286'),('Bagamér','Hajdú-Bihar','4264'),('Bakonszeg','Hajdú-Bihar','4164'),('Balmazújváros','Hajdú-Bihar','4060'),('Balmazújváros','Hajdú-Bihar','4063'),('Báránd','Hajdú-Bihar','4161'),('Bedő','Hajdú-Bihar','4128'),('Berekböszörmény','Hajdú-Bihar','4116'),('Berettyóújfalu','Hajdú-Bihar','4100'),('Bihardancsháza','Hajdú-Bihar','4175'),('Biharkeresztes','Hajdú-Bihar','4110'),('Biharnagybajom','Hajdú-Bihar','4172'),('Bihartorda','Hajdú-Bihar','4174'),('Bocskaikert','Hajdú-Bihar','4241'),('Bojt','Hajdú-Bihar','4114'),('Csökmő','Hajdú-Bihar','4145'),('Darvas','Hajdú-Bihar','4144'),('Debrecen','Hajdú-Bihar','4014'),('Debrecen','Hajdú-Bihar','4079'),('Debrecen','Hajdú-Bihar','4002'),('Debrecen','Hajdú-Bihar','4225'),('Debrecen','Hajdú-Bihar','4078'),('Debrecen','Hajdú-Bihar','4000'),('Debrecen','Hajdú-Bihar','4063'),('Derecske','Hajdú-Bihar','4130'),('Ebes','Hajdú-Bihar','4211'),('Egyek','Hajdú-Bihar','4069'),('Egyek','Hajdú-Bihar','4067'),('Esztár','Hajdú-Bihar','4124'),('Folyás','Hajdú-Bihar','4090'),('Folyás','Hajdú-Bihar','4095'),('Földes','Hajdú-Bihar','4177'),('Furta','Hajdú-Bihar','4141'),('Fülöp','Hajdú-Bihar','4266'),('Gáborján','Hajdú-Bihar','4122'),('Görbeháza','Hajdú-Bihar','4075'),('Hajdúbagos','Hajdú-Bihar','4273'),('Hajdúböszörmény','Hajdú-Bihar','4224'),('Hajdúböszörmény','Hajdú-Bihar','4086'),('Hajdúböszörmény','Hajdú-Bihar','4220'),('Hajdúböszörmény','Hajdú-Bihar','4074'),('Hajdúdorog','Hajdú-Bihar','4087'),('Hajdúhadház','Hajdú-Bihar','4242'),('Hajdúnánás','Hajdú-Bihar','4080'),('Hajdúnánás','Hajdú-Bihar','4085'),('Hajdúsámson','Hajdú-Bihar','4251'),('Hajdúszoboszló','Hajdú-Bihar','4181'),('Hajdúszoboszló','Hajdú-Bihar','4200'),('Hajdúszovát','Hajdú-Bihar','4212'),('Hencida','Hajdú-Bihar','4123'),('Hortobágy','Hajdú-Bihar','4071'),('Hosszúpályi','Hajdú-Bihar','4274'),('Hosszúpályi','Hajdú-Bihar','4133'),('Kaba','Hajdú-Bihar','4183'),('Kismarja','Hajdú-Bihar','4126'),('Kokad','Hajdú-Bihar','4284'),('Komádi','Hajdú-Bihar','4138'),('Konyár','Hajdú-Bihar','4133'),('Körösszakál','Hajdú-Bihar','4136'),('Körösszegapáti','Hajdú-Bihar','4135'),('Körösszegapáti','Hajdú-Bihar','4134'),('Létavértes','Hajdú-Bihar','4281'),('Létavértes','Hajdú-Bihar','4283'),('Magyarhomorog','Hajdú-Bihar','4137'),('Mezőpeterd','Hajdú-Bihar','4118'),('Mezősas','Hajdú-Bihar','4134'),('Mikepércs','Hajdú-Bihar','4271'),('Monostorpályi','Hajdú-Bihar','4275'),('Nádudvar','Hajdú-Bihar','4181'),('Nagyhegyes','Hajdú-Bihar','4064'),('Nagykereki','Hajdú-Bihar','4127'),('Nagyrábé','Hajdú-Bihar','4173'),('Nyírábrány','Hajdú-Bihar','4264'),('Nyíracsád','Hajdú-Bihar','4262'),('Nyíradony','Hajdú-Bihar','4253'),('Nyíradony','Hajdú-Bihar','4252'),('Nyíradony','Hajdú-Bihar','4254'),('Nyírmártonfalva','Hajdú-Bihar','4263'),('Parád','Hajdú-Bihar','3240'),('Pocsaj','Hajdú-Bihar','4125'),('Polgár','Hajdú-Bihar','4090'),('Polgár','Hajdú-Bihar','4080'),('Püspökladány','Hajdú-Bihar','4150'),('Sáp','Hajdú-Bihar','4176'),('Sáránd','Hajdú-Bihar','4272'),('Sárrétudvari','Hajdú-Bihar','4171'),('Szentpéterszeg','Hajdú-Bihar','4121'),('Szerep','Hajdú-Bihar','4162'),('Szerep','Hajdú-Bihar','4163'),('Téglás','Hajdú-Bihar','4243'),('Tépe','Hajdú-Bihar','4132'),('Tetétlen','Hajdú-Bihar','4184'),('Tiszacsege','Hajdú-Bihar','4066'),('Tiszagyulaháza','Hajdú-Bihar','4097'),('Told','Hajdú-Bihar','4117'),('Újiráz','Hajdú-Bihar','4146'),('Újléta','Hajdú-Bihar','4288'),('Újszentmargita','Hajdú-Bihar','4065'),('Újtikos','Hajdú-Bihar','4096'),('Vámospércs','Hajdú-Bihar','4287'),('Váncsod','Hajdú-Bihar','4119'),('Vekerd','Hajdú-Bihar','4143'),('Zsáka','Hajdú-Bihar','4142'),('Zsáka','Hajdú-Bihar','4143'),('Abasár','Heves','3261'),('Adács','Heves','3292'),('Aldebrő','Heves','3353'),('Aldebrő','Heves','3355'),('Andornaktálya','Heves','3399'),('Apc','Heves','3032'),('Átány','Heves','3371'),('Atkár','Heves','3213'),('Balaton','Heves','3347'),('Bátor','Heves','3336'),('Bekölce','Heves','3343'),('Bélapátfalva','Heves','3346'),('Besenyőtelek','Heves','3373'),('Boconád','Heves','3368'),('Bodony','Heves','3243'),('Boldog','Heves','3016'),('Bükkszék','Heves','3335'),('Bükkszenterzsébet','Heves','3258'),('Bükkszenterzsébet','Heves','3257'),('Bükkszentmárton','Heves','3346'),('Csány','Heves','3015'),('Demjén','Heves','3395'),('Detk','Heves','3275'),('Domoszló','Heves','3263'),('Dormánd','Heves','3374'),('Ecséd','Heves','3014'),('Ecséd','Heves','3013'),('Eger','Heves','3300'),('Eger','Heves','3304'),('Egerbakta','Heves','3321'),('Egerbocs','Heves','3337'),('Egercsehi','Heves','3341'),('Egerfarmos','Heves','3379'),('Egerszalók','Heves','3394'),('Egerszólát','Heves','3328'),('Erdőkövesd','Heves','3252'),('Erdőtelek','Heves','3358'),('Erk','Heves','3295'),('Fedémes','Heves','3255'),('Feldebrő','Heves','3352'),('Felsőtárkány','Heves','3324'),('Füzesabony','Heves','3390'),('Gyöngyös','Heves','3200'),('Gyöngyös','Heves','3221'),('Gyöngyös','Heves','3232'),('Gyöngyös','Heves','3233'),('Gyöngyöshalász','Heves','3212'),('Gyöngyösoroszi','Heves','3211'),('Gyöngyöspata','Heves','3035'),('Gyöngyössolymos','Heves','3231'),('Gyöngyöstarján','Heves','3036'),('Halmajugra','Heves','3273'),('Hatvan','Heves','3000'),('Heréd','Heves','3011'),('Heves','Heves','3360'),('Hevesaranyos','Heves','3322'),('Hevesvezekény','Heves','3383'),('Hort','Heves','3014'),('Istenmezeje','Heves','3253'),('Ivád','Heves','3248'),('Kál','Heves','3350'),('Kápolna','Heves','3355'),('Karácsond','Heves','3281'),('Kerecsend','Heves','3396'),('Kerekharaszt','Heves','3009'),('Kisfüzes','Heves','3256'),('Kisköre','Heves','3384'),('Kisnána','Heves','3264'),('Kompolt','Heves','3356'),('Kömlő','Heves','3372'),('Lőrinci','Heves','3021'),('Lőrinci','Heves','3023'),('Ludas','Heves','3274'),('Maklár','Heves','3397'),('Markaz','Heves','3262'),('Mátraballa','Heves','3247'),('Mátraderecske','Heves','3246'),('Mátraszentimre','Heves','3235'),('Mátraszentimre','Heves','3234'),('Mezőszemere','Heves','3378'),('Mezőtárkány','Heves','3375'),('Mikófalva','Heves','3344'),('Mónosbél','Heves','3345'),('Mónosbél','Heves','3323'),('Nagyfüged','Heves','3282'),('Nagykökényes','Heves','3012'),('Nagyréde','Heves','3214'),('Nagytálya','Heves','3398'),('Nagyút','Heves','3357'),('Nagyvisnyó','Heves','3517'),('Nagyvisnyó','Heves','3348'),('Nagyvisnyó','Heves','3349'),('Noszvaj','Heves','3325'),('Novaj','Heves','3327'),('Ostoros','Heves','3326'),('Pálosvörösmart','Heves','3261'),('Parád','Heves','3240'),('Parád','Heves','3244'),('Parádsasvár','Heves','3242'),('Pély','Heves','3381'),('Pétervására','Heves','3250'),('Petőfibánya','Heves','3023'),('Poroszló','Heves','3379'),('Poroszló','Heves','3388'),('Recsk','Heves','3245'),('Rózsaszentmárton','Heves','3033'),('Sarud','Heves','3386'),('Sirok','Heves','3332'),('Szajla','Heves','3334'),('Szarvaskő','Heves','3323'),('Szentdomonkos','Heves','3259'),('Szihalom','Heves','3377'),('Szihalom','Heves','3400'),('Szilvásvárad','Heves','3348'),('Szúcs','Heves','3341'),('Szűcsi','Heves','3034'),('Tarnabod','Heves','3369'),('Tarnalelesz','Heves','3258'),('Tarnaméra','Heves','3284'),('Tarnaörs','Heves','3294'),('Tarnaszentmária','Heves','3331'),('Tarnaszentmiklós','Heves','3382'),('Tarnazsadány','Heves','3283'),('Tenk','Heves','3359'),('Terpes','Heves','3334'),('Tiszanána','Heves','3385'),('Tófalu','Heves','3354'),('Újlőrincfalva','Heves','3387'),('Vámosgyörk','Heves','3291'),('Váraszó','Heves','3254'),('Vécs','Heves','3265'),('Verpelét','Heves','3351'),('Verpelét','Heves','3331'),('Verpelét','Heves','3264'),('Visonta','Heves','3271'),('Visznek','Heves','3293'),('Zagyvaszántó','Heves','3031'),('Zaránk','Heves','3296'),('Abádszalók','Jász-Nagykun-Szolnok','5241'),('Abádszalók','Jász-Nagykun-Szolnok','5340'),('Abádszalók','Jász-Nagykun-Szolnok','5242'),('Alattyán','Jász-Nagykun-Szolnok','5142'),('Berekfürdő','Jász-Nagykun-Szolnok','5309'),('Besenyszög','Jász-Nagykun-Szolnok','5071'),('Besenyszög','Jász-Nagykun-Szolnok','5002'),('Cibakháza','Jász-Nagykun-Szolnok','5462'),('Cibakháza','Jász-Nagykun-Szolnok','5461'),('Csataszög','Jász-Nagykun-Szolnok','5064'),('Csépa','Jász-Nagykun-Szolnok','5475'),('Cserkeszőlő','Jász-Nagykun-Szolnok','5465'),('Fegyvernek','Jász-Nagykun-Szolnok','5231'),('Hunyadfalva','Jász-Nagykun-Szolnok','5063'),('Jánoshida','Jász-Nagykun-Szolnok','5143'),('Jászágó','Jász-Nagykun-Szolnok','5124'),('Jászalsószentgyörgy','Jász-Nagykun-Szolnok','5054'),('Jászapáti','Jász-Nagykun-Szolnok','5130'),('Jászárokszállás','Jász-Nagykun-Szolnok','5123'),('Jászberény','Jász-Nagykun-Szolnok','5100'),('Jászberény','Jász-Nagykun-Szolnok','5152'),('Jászboldogháza','Jász-Nagykun-Szolnok','5144'),('Jászdózsa','Jász-Nagykun-Szolnok','5122'),('Jászfelsőszentgyörgy','Jász-Nagykun-Szolnok','5111'),('Jászfényszaru','Jász-Nagykun-Szolnok','5126'),('Jászivány','Jász-Nagykun-Szolnok','5135'),('Jászjákóhalma','Jász-Nagykun-Szolnok','5121'),('Jászkisér','Jász-Nagykun-Szolnok','5137'),('Jászladány','Jász-Nagykun-Szolnok','5055'),('Jászszentandrás','Jász-Nagykun-Szolnok','5130'),('Jászszentandrás','Jász-Nagykun-Szolnok','5136'),('Jásztelek','Jász-Nagykun-Szolnok','5141'),('Karcag','Jász-Nagykun-Szolnok','5300'),('Kenderes','Jász-Nagykun-Szolnok','5349'),('Kenderes','Jász-Nagykun-Szolnok','5331'),('Kengyel','Jász-Nagykun-Szolnok','5083'),('Kétpó','Jász-Nagykun-Szolnok','5411'),('Kisújszállás','Jász-Nagykun-Szolnok','5310'),('Kőtelek','Jász-Nagykun-Szolnok','5062'),('Kuncsorba','Jász-Nagykun-Szolnok','5412'),('Kunhegyes','Jász-Nagykun-Szolnok','5340'),('Kunmadaras','Jász-Nagykun-Szolnok','5321'),('Kunszentmárton','Jász-Nagykun-Szolnok','5440'),('Kunszentmárton','Jász-Nagykun-Szolnok','5449'),('Martfű','Jász-Nagykun-Szolnok','5435'),('Mesterszállás','Jász-Nagykun-Szolnok','5400'),('Mesterszállás','Jász-Nagykun-Szolnok','5452'),('Mezőhék','Jász-Nagykun-Szolnok','5400'),('Mezőhék','Jász-Nagykun-Szolnok','5453'),('Mezőtúr','Jász-Nagykun-Szolnok','5400'),('Nagyiván','Jász-Nagykun-Szolnok','5363'),('Nagykörű','Jász-Nagykun-Szolnok','5065'),('Nagyrév','Jász-Nagykun-Szolnok','5463'),('Öcsöd','Jász-Nagykun-Szolnok','5451'),('Örményes','Jász-Nagykun-Szolnok','5222'),('Pusztamonostor','Jász-Nagykun-Szolnok','5125'),('Rákóczifalva','Jász-Nagykun-Szolnok','5085'),('Rákócziújfalu','Jász-Nagykun-Szolnok','5084'),('Rákócziújfalu','Jász-Nagykun-Szolnok','5435'),('Szajol','Jász-Nagykun-Szolnok','5081'),('Szászberek','Jász-Nagykun-Szolnok','5053'),('Szelevény','Jász-Nagykun-Szolnok','5476'),('Szolnok','Jász-Nagykun-Szolnok','5000'),('Szolnok','Jász-Nagykun-Szolnok','5008'),('Tiszabő','Jász-Nagykun-Szolnok','5232'),('Tiszabura','Jász-Nagykun-Szolnok','5235'),('Tiszabura','Jász-Nagykun-Szolnok','5242'),('Tiszaderzs','Jász-Nagykun-Szolnok','5243'),('Tiszaföldvár','Jász-Nagykun-Szolnok','5461'),('Tiszaföldvár','Jász-Nagykun-Szolnok','5430'),('Tiszafüred','Jász-Nagykun-Szolnok','5363'),('Tiszafüred','Jász-Nagykun-Szolnok','5350'),('Tiszafüred','Jász-Nagykun-Szolnok','5359'),('Tiszagyenda','Jász-Nagykun-Szolnok','5233'),('Tiszaigar','Jász-Nagykun-Szolnok','5361'),('Tiszainoka','Jász-Nagykun-Szolnok','5464'),('Tiszajenő','Jász-Nagykun-Szolnok','5094'),('Tiszakürt','Jász-Nagykun-Szolnok','5471'),('Tiszakürt','Jász-Nagykun-Szolnok','5472'),('Tiszaörs','Jász-Nagykun-Szolnok','5362'),('Tiszapüspöki','Jász-Nagykun-Szolnok','5211'),('Tiszaroff','Jász-Nagykun-Szolnok','5234'),('Tiszasas','Jász-Nagykun-Szolnok','5474'),('Tiszasüly','Jász-Nagykun-Szolnok','5061'),('Tiszaszentimre','Jász-Nagykun-Szolnok','5322'),('Tiszaszentimre','Jász-Nagykun-Szolnok','5323'),('Tiszaszőlős','Jász-Nagykun-Szolnok','5244'),('Tiszaszőlős','Jász-Nagykun-Szolnok','5245'),('Tiszaszőlős','Jász-Nagykun-Szolnok','5246'),('Tiszatenyő','Jász-Nagykun-Szolnok','5082'),('Tiszavárkony','Jász-Nagykun-Szolnok','5095'),('Tiszavárkony','Jász-Nagykun-Szolnok','5092'),('Tomajmonostora','Jász-Nagykun-Szolnok','5324'),('Tószeg','Jász-Nagykun-Szolnok','5091'),('Törökszentmiklós','Jász-Nagykun-Szolnok','5200'),('Törökszentmiklós','Jász-Nagykun-Szolnok','5212'),('Túrkeve','Jász-Nagykun-Szolnok','5420'),('Újszász','Jász-Nagykun-Szolnok','5052'),('Vezseny','Jász-Nagykun-Szolnok','5093'),('Zagyvarékas','Jász-Nagykun-Szolnok','5051'),('Ács','Komárom-Esztergom','2941'),('Ácsteszér','Komárom-Esztergom','2887'),('Ácsteszér','Komárom-Esztergom','2862'),('Aka','Komárom-Esztergom','2862'),('Almásfüzitő','Komárom-Esztergom','2931'),('Annavölgy','Komárom-Esztergom','2529'),('Ászár','Komárom-Esztergom','2881'),('Bábolna','Komárom-Esztergom','2943'),('Baj','Komárom-Esztergom','2836'),('Bajna','Komárom-Esztergom','2525'),('Bajót','Komárom-Esztergom','2533'),('Bajót','Komárom-Esztergom','2535'),('Bakonybánk','Komárom-Esztergom','2885'),('Bakonysárkány','Komárom-Esztergom','2861'),('Bakonyszombathely','Komárom-Esztergom','2884'),('Bana','Komárom-Esztergom','2944'),('Bársonyos','Komárom-Esztergom','2883'),('Bokod','Komárom-Esztergom','2855'),('Császár','Komárom-Esztergom','2858'),('Csatka','Komárom-Esztergom','2888'),('Csém','Komárom-Esztergom','2949'),('Csép','Komárom-Esztergom','2946'),('Csolnok','Komárom-Esztergom','2521'),('Dad','Komárom-Esztergom','2854'),('Dág','Komárom-Esztergom','2522'),('Dorog','Komárom-Esztergom','2510'),('Dömös','Komárom-Esztergom','2027'),('Dunaalmás','Komárom-Esztergom','2545'),('Dunaszentmiklós','Komárom-Esztergom','2897'),('Epöl','Komárom-Esztergom','2526'),('Esztergom','Komárom-Esztergom','2500'),('Esztergom','Komárom-Esztergom','2509'),('Esztergom','Komárom-Esztergom','2508'),('Ete','Komárom-Esztergom','2947'),('Gyermely','Komárom-Esztergom','2821'),('Héreg','Komárom-Esztergom','2832'),('Kecskéd','Komárom-Esztergom','2852'),('Kerékteleki','Komárom-Esztergom','2882'),('Kesztölc','Komárom-Esztergom','2517'),('Kisbér','Komárom-Esztergom','2870'),('Kisbér','Komárom-Esztergom','2879'),('Kisigmánd','Komárom-Esztergom','2948'),('Kocs','Komárom-Esztergom','2898'),('Komárom','Komárom-Esztergom','2900'),('Komárom','Komárom-Esztergom','2921'),('Komárom','Komárom-Esztergom','2903'),('Kömlőd','Komárom-Esztergom','2853'),('Környe','Komárom-Esztergom','2851'),('Lábatlan','Komárom-Esztergom','2541'),('Leányvár','Komárom-Esztergom','2518'),('Máriahalom','Komárom-Esztergom','2527'),('Mocsa','Komárom-Esztergom','2911'),('Mogyorósbánya','Komárom-Esztergom','2535'),('Nagyigmánd','Komárom-Esztergom','2942'),('Nagysáp','Komárom-Esztergom','2524'),('Naszály','Komárom-Esztergom','2899'),('Neszmély','Komárom-Esztergom','2544'),('Nyergesújfalu','Komárom-Esztergom','2536'),('Oroszlány','Komárom-Esztergom','2840'),('Piliscsév','Komárom-Esztergom','2519'),('Pilismarót','Komárom-Esztergom','2028'),('Réde','Komárom-Esztergom','2886'),('Sárisáp','Komárom-Esztergom','2523'),('Súr','Komárom-Esztergom','2889'),('Süttő','Komárom-Esztergom','2543'),('Szákszend','Komárom-Esztergom','2856'),('Szárliget','Komárom-Esztergom','2067'),('Szomód','Komárom-Esztergom','2896'),('Szomor','Komárom-Esztergom','2822'),('Tardos','Komárom-Esztergom','2834'),('Tarján','Komárom-Esztergom','2831'),('Tárkány','Komárom-Esztergom','2945'),('Tát','Komárom-Esztergom','2534'),('Tata','Komárom-Esztergom','2835'),('Tata','Komárom-Esztergom','2890'),('Tatabánya','Komárom-Esztergom','2800'),('Tokod','Komárom-Esztergom','2531'),('Tokodaltáró','Komárom-Esztergom','2532'),('Úny','Komárom-Esztergom','2528'),('Várgesztes','Komárom-Esztergom','2824'),('Vérteskethely','Komárom-Esztergom','2859'),('Vértessomló','Komárom-Esztergom','2823'),('Vértestolna','Komárom-Esztergom','2833'),('Vértesszőlős','Komárom-Esztergom','2837'),('Alsópetény','Nógrád','2617'),('Alsótold','Nógrád','3069'),('Balassagyarmat','Nógrád','2660'),('Bánk','Nógrád','2653'),('Bárna','Nógrád','3126'),('Bátonyterenye','Nógrád','3078'),('Bátonyterenye','Nógrád','3070'),('Becske','Nógrád','2693'),('Bér','Nógrád','3045'),('Bercel','Nógrád','2687'),('Berkenye','Nógrád','2641'),('Bokor','Nógrád','3066'),('Borsosberény','Nógrád','2644'),('Buják','Nógrád','3047'),('Cered','Nógrád','3124'),('Cered','Nógrád','3123'),('Cered','Nógrád','3125'),('Csécse','Nógrád','3052'),('Cserháthaláp','Nógrád','2694'),('Cserhátsurány','Nógrád','2676'),('Cserhátszentiván','Nógrád','3066'),('Csesztve','Nógrád','2678'),('Csitár','Nógrád','2673'),('Debercsény','Nógrád','2694'),('Dejtár','Nógrád','2649'),('Diósjenő','Nógrád','2643'),('Dorogháza','Nógrád','3153'),('Drégelypalánk','Nógrád','2646'),('Ecseg','Nógrád','3053'),('Egyházasdengeleg','Nógrád','3043'),('Egyházasgerge','Nógrád','3185'),('Endrefalva','Nógrád','3165'),('Erdőkürt','Nógrád','2176'),('Erdőtarcsa','Nógrád','2177'),('Érsekvadkert','Nógrád','2659'),('Etes','Nógrád','3136'),('Felsőpetény','Nógrád','2611'),('Felsőtold','Nógrád','3067'),('Galgaguta','Nógrád','2686'),('Garáb','Nógrád','3067'),('Héhalom','Nógrád','3041'),('Héhalom','Nógrád','3024'),('Herencsény','Nógrád','2677'),('Hollókő','Nógrád','3176'),('Hont','Nógrád','2647'),('Horpács','Nógrád','2658'),('Hugyag','Nógrád','2672'),('Iliny','Nógrád','2675'),('Ipolyszög','Nógrád','2660'),('Ipolytarnóc','Nógrád','3138'),('Ipolyvece','Nógrád','2669'),('Jobbágyi','Nógrád','3063'),('Kálló','Nógrád','2175'),('Karancsalja','Nógrád','3181'),('Karancsberény','Nógrád','3137'),('Karancskeszi','Nógrád','3183'),('Karancslapujtő','Nógrád','3182'),('Karancsság','Nógrád','3163'),('Kazár','Nógrád','3127'),('Kazár','Nógrád','3142'),('Kazár','Nógrád','3147'),('Keszeg','Nógrád','2616'),('Kétbodony','Nógrád','2655'),('Kisbágyon','Nógrád','3046'),('Kisbárkány','Nógrád','3075'),('Kisecset','Nógrád','2655'),('Kishartyán','Nógrád','3161'),('Kozárd','Nógrád','3053'),('Kutasó','Nógrád','3066'),('Legénd','Nógrád','2619'),('Litke','Nógrád','3186'),('Lucfalva','Nógrád','3129'),('Ludányhalászi','Nógrád','3188'),('Magyargéc','Nógrád','3133'),('Magyarnándor','Nógrád','2694'),('Márkháza','Nógrád','3075'),('Mátramindszent','Nógrád','3155'),('Mátranovák','Nógrád','3143'),('Mátraszele','Nógrád','3142'),('Mátraszőlős','Nógrád','3068'),('Mátraterenye','Nógrád','3145'),('Mátraverebély','Nógrád','3078'),('Mátraverebély','Nógrád','3077'),('Mihálygerge','Nógrád','3184'),('Mohora','Nógrád','2698'),('Nagybárkány','Nógrád','3075'),('Nagykeresztúr','Nógrád','3129'),('Nagylóc','Nógrád','3175'),('Nagyoroszi','Nógrád','2645'),('Nemti','Nógrád','3152'),('Nézsa','Nógrád','2618'),('Nógrád','Nógrád','2642'),('Nógrádkövesd','Nógrád','2691'),('Nógrádmarcal','Nógrád','2675'),('Nógrádmegyer','Nógrád','3132'),('Nógrádsáp','Nógrád','2685'),('Nógrádsipek','Nógrád','3179'),('Nógrádszakál','Nógrád','3187'),('Nőtincs','Nógrád','2610'),('Őrhalom','Nógrád','2671'),('Ősagárd','Nógrád','2610'),('Palotás','Nógrád','3042'),('Pásztó','Nógrád','3060'),('Pásztó','Nógrád','3065'),('Pásztó','Nógrád','3082'),('Patak','Nógrád','2648'),('Patvarc','Nógrád','2668'),('Piliny','Nógrád','3134'),('Pusztaberki','Nógrád','2658'),('Rákóczibánya','Nógrád','3151'),('Rétság','Nógrád','2651'),('Rimóc','Nógrád','3177'),('Romhány','Nógrád','2654'),('Ságújfalu','Nógrád','3162'),('Salgótarján','Nógrád','3100'),('Salgótarján','Nógrád','3141'),('Salgótarján','Nógrád','3104'),('Salgótarján','Nógrád','3121'),('Salgótarján','Nógrád','3109'),('Sámsonháza','Nógrád','3074'),('Somoskőújfalu','Nógrád','3121'),('Sóshartyán','Nógrád','3131'),('Szalmatercs','Nógrád','3163'),('Szanda','Nógrád','2697'),('Szanda','Nógrád','2687'),('Szarvasgede','Nógrád','3051'),('Szátok','Nógrád','2656'),('Szécsénke','Nógrád','2692'),('Szécsény','Nógrád','3170'),('Szécsényfelfalu','Nógrád','3135'),('Szendehely','Nógrád','2640'),('Szente','Nógrád','2655'),('Szilaspogony','Nógrád','3125'),('Szirák','Nógrád','3044'),('Szuha','Nógrád','3154'),('Szurdokpüspöki','Nógrád','3064'),('Szügy','Nógrád','2699'),('Tar','Nógrád','3073'),('Terény','Nógrád','2696'),('Tereske','Nógrád','2652'),('Tolmács','Nógrád','2657'),('Vanyarc','Nógrád','2688'),('Varsány','Nógrád','3178'),('Vizslás','Nógrád','3128'),('Vizslás','Nógrád','3078'),('Zabar','Nógrád','3124'),('Abony','Pest','2740'),('Acsa','Pest','2683'),('Albertirsa','Pest','2730'),('Alsónémedi','Pest','2364'),('Alsónémedi','Pest','2351'),('Apaj','Pest','2340'),('Apaj','Pest','2345'),('Áporka','Pest','2338'),('Aszód','Pest','2170'),('Bag','Pest','2191'),('Bénye','Pest','2216'),('Bernecebaráti','Pest','2639'),('Biatorbágy','Pest','2051'),('Budajenő','Pest','2093'),('Budakalász','Pest','2011'),('Budakeszi','Pest','2092'),('Budaörs','Pest','2040'),('Bugyi','Pest','2347'),('Cegléd','Pest','2700'),('Cegléd','Pest','2738'),('Ceglédbercel','Pest','2737'),('Csemő','Pest','2713'),('Csévharaszt','Pest','2212'),('Csobánka','Pest','2014'),('Csomád','Pest','2161'),('Csömör','Pest','2141'),('Csömör','Pest','2143'),('Csörög','Pest','2135'),('Csővár','Pest','2615'),('Dabas','Pest','2370'),('Dabas','Pest','2371'),('Dabas','Pest','2373'),('Dánszentmiklós','Pest','2735'),('Dány','Pest','2118'),('Délegyháza','Pest','2337'),('Diósd','Pest','2049'),('Domony','Pest','2182'),('Dömsöd','Pest','2344'),('Dunabogdány','Pest','2023'),('Dunaharaszti','Pest','2330'),('Dunakeszi','Pest','2120'),('Dunavarsány','Pest','2336'),('Ecser','Pest','2233'),('Érd','Pest','2030'),('Erdőkertes','Pest','2113'),('Farmos','Pest','2765'),('Felsőpakony','Pest','2363'),('Fót','Pest','2151'),('Galgagyörk','Pest','2681'),('Galgahévíz','Pest','2193'),('Galgamácsa','Pest','2183'),('Gomba','Pest','2217'),('Göd','Pest','2131'),('Göd','Pest','2132'),('Gödöllő','Pest','2100'),('Gyál','Pest','2360'),('Gyömrő','Pest','2230'),('Halásztelek','Pest','2314'),('Herceghalom','Pest','2053'),('Hernád','Pest','2376'),('Hévízgyörk','Pest','2192'),('Iklad','Pest','2181'),('Inárcs','Pest','2365'),('Ipolydamásd','Pest','2631'),('Ipolytölgyes','Pest','2633'),('Isaszeg','Pest','2117'),('Jászkarajenő','Pest','2746'),('Kakucs','Pest','2366'),('Kartal','Pest','2173'),('Káva','Pest','2215'),('Kemence','Pest','2638'),('Kerepes','Pest','2144'),('Kiskunlacháza','Pest','2340'),('Kismaros','Pest','2623'),('Kisnémedi','Pest','2165'),('Kisoroszi','Pest','2024'),('Kistarcsa','Pest','2143'),('Kocsér','Pest','2755'),('Kóka','Pest','2243'),('Kosd','Pest','2612'),('Kóspallag','Pest','2625'),('Kőröstetétlen','Pest','2745'),('Leányfalu','Pest','2016'),('Letkés','Pest','2632'),('Lórév','Pest','2309'),('Maglód','Pest','2234'),('Majosháza','Pest','2339'),('Makád','Pest','2322'),('Márianosztra','Pest','2629'),('Mende','Pest','2235'),('Mikebuda','Pest','2736'),('Mogyoród','Pest','2146'),('Monor','Pest','2213'),('Monor','Pest','2200'),('Monorierdő','Pest','2213'),('Nagybörzsöny','Pest','2634'),('Nagykáta','Pest','2760'),('Nagykovácsi','Pest','2094'),('Nagykőrös','Pest','2750'),('Nagymaros','Pest','2626'),('Nagytarcsa','Pest','2142'),('Nyáregyháza','Pest','2723'),('Nyársapát','Pest','2712'),('Ócsa','Pest','2364'),('Őrbottyán','Pest','2162'),('Örkény','Pest','2377'),('Pánd','Pest','2214'),('Páty','Pest','2071'),('Pécel','Pest','2119'),('Penc','Pest','2614'),('Perbál','Pest','2074'),('Perőcsény','Pest','2637'),('Péteri','Pest','2209'),('Pilis','Pest','2721'),('Pilisborosjenő','Pest','2097'),('Piliscsaba','Pest','2081'),('Pilisjászfalu','Pest','2080'),('Pilisvörösvár','Pest','2085'),('Pilisszántó','Pest','2095'),('Pilisszentiván','Pest','2084'),('Pilisszentkereszt','Pest','2099'),('Pilisszentkereszt','Pest','2098'),('Pilisszentlászló','Pest','2009'),('Pócsmegyer','Pest','2017'),('Pomáz','Pest','2013'),('Pusztavacs','Pest','2378'),('Pusztazámor','Pest','2039'),('Püspökhatvan','Pest','2682'),('Püspökszilágy','Pest','2166'),('Ráckeve','Pest','2300'),('Rád','Pest','2613'),('Remeteszőlős','Pest','2090'),('Solymár','Pest','2083'),('Sóskút','Pest','2038'),('Sülysáp','Pest','2241'),('Szada','Pest','2111'),('Százhalombatta','Pest','2440'),('Százhalombatta','Pest','2443'),('Százhalombatta','Pest','2444'),('Szentendre','Pest','2000'),('Szentlőrinckáta','Pest','2255'),('Szentmártonkáta','Pest','2254'),('Szigetbecse','Pest','2321'),('Szigetcsép','Pest','2317'),('Szigethalom','Pest','2315'),('Szigetmonostor','Pest','2015'),('Szigetszentmárton','Pest','2318'),('Szigetszentmiklós','Pest','2310'),('Szigetújfalu','Pest','2319'),('Szob','Pest','2628'),('Szokolya','Pest','2624'),('Sződ','Pest','2134'),('Sződliget','Pest','2133'),('Táborfalva','Pest','2381'),('Tahitótfalu','Pest','2022'),('Tahitótfalu','Pest','2021'),('Taksony','Pest','2335'),('Tápióbicske','Pest','2764'),('Tápiógyörgye','Pest','2767'),('Tápióság','Pest','2253'),('Tápiószecső','Pest','2251'),('Tápiószele','Pest','2766'),('Tápiószentmárton','Pest','2711'),('Tápiószőlős','Pest','2769'),('Tápiószőlős','Pest','2766'),('Tárnok','Pest','2461'),('Tatárszentgyörgy','Pest','2375'),('Telki','Pest','2089'),('Tésa','Pest','2636'),('Tinnye','Pest','2086'),('Tóalmás','Pest','2252'),('Tök','Pest','2073'),('Tököl','Pest','2316'),('Törökbálint','Pest','2045'),('Törtel','Pest','2747'),('Tura','Pest','2194'),('Újhartyán','Pest','2367'),('Újlengyel','Pest','2724'),('Újszilvás','Pest','2768'),('Úri','Pest','2244'),('Üllő','Pest','2225'),('Üröm','Pest','2096'),('Vác','Pest','2600'),('Vácduka','Pest','2167'),('Vácegres','Pest','2184'),('Váchartyán','Pest','2164'),('Váckisújfalu','Pest','2185'),('Vácrátót','Pest','2163'),('Vácszentlászló','Pest','2115'),('Valkó','Pest','2114'),('Vámosmikola','Pest','2635'),('Vasad','Pest','2211'),('Vecsés','Pest','2220'),('Veresegyház','Pest','2112'),('Verőce','Pest','2621'),('Verseg','Pest','2174'),('Visegrád','Pest','2025'),('Visegrád','Pest','2026'),('Zebegény','Pest','2627'),('Zsámbék','Pest','2072'),('Zsámbok','Pest','2116'),('Ádánd','Somogy','8653'),('Alsóbogát','Somogy','7443'),('Andocs','Somogy','8675'),('Babócsa','Somogy','7584'),('Bábonymegyer','Somogy','8658'),('Bakháza','Somogy','7585'),('Balatonberény','Somogy','8649'),('Balatonboglár','Somogy','8691'),('Balatonboglár','Somogy','8630'),('Balatonendréd','Somogy','8613'),('Balatonfenyves','Somogy','8646'),('Balatonföldvár','Somogy','8623'),('Balatonkeresztúr','Somogy','8648'),('Balatonlelle','Somogy','8638'),('Balatonmáriafürdő','Somogy','8647'),('Balatonőszöd','Somogy','8637'),('Balatonszabadi','Somogy','8600'),('Balatonszabadi','Somogy','8651'),('Balatonszárszó','Somogy','8624'),('Balatonszemes','Somogy','8636'),('Balatonszentgyörgy','Somogy','8710'),('Balatonújlak','Somogy','8712'),('Bálványos','Somogy','8614'),('Barcs','Somogy','7557'),('Barcs','Somogy','7570'),('Bárdudvarnok','Somogy','7478'),('Baté','Somogy','7271'),('Baté','Somogy','7258'),('Bedegkér','Somogy','8666'),('Bélavár','Somogy','7589'),('Beleg','Somogy','7543'),('Beleg','Somogy','7541'),('Berzence','Somogy','7516'),('Bodrog','Somogy','7439'),('Bolhás','Somogy','7517'),('Bolhó','Somogy','7586'),('Bonnya','Somogy','7283'),('Bonnya','Somogy','7281'),('Böhönye','Somogy','8719'),('Bőszénfa','Somogy','7475'),('Bőszénfa','Somogy','7477'),('Bőszénfa','Somogy','7937'),('Buzsák','Somogy','8695'),('Büssü','Somogy','7273'),('Csákány','Somogy','8735'),('Cserénfa','Somogy','7472'),('Csokonyavisonta','Somogy','7555'),('Csoma','Somogy','7253'),('Csombárd','Somogy','7432'),('Csököly','Somogy','7526'),('Csömend','Somogy','8700'),('Csurgó','Somogy','8840'),('Csurgónagymarton','Somogy','8840'),('Darány','Somogy','7988'),('Drávagárdony','Somogy','7977'),('Drávatamási','Somogy','7979'),('Ecseny','Somogy','7457'),('Edde','Somogy','7443'),('Felsőmocsolád','Somogy','7456'),('Fiad','Somogy','7282'),('Fonó','Somogy','7271'),('Fonyód','Somogy','8640'),('Főnyed','Somogy','8732'),('Gadács','Somogy','7276'),('Gadány','Somogy','8716'),('Gálosfa','Somogy','7473'),('Gamás','Somogy','8685'),('Gige','Somogy','7527'),('Gölle','Somogy','7272'),('Görgeteg','Somogy','7553'),('Gyékényes','Somogy','8851'),('Gyugy','Somogy','8692'),('Hács','Somogy','8694'),('Hajmás','Somogy','7473'),('Háromfa','Somogy','7585'),('Hedrehely','Somogy','7532'),('Hedrehely','Somogy','7533'),('Hedrehely','Somogy','7535'),('Hencse','Somogy','7532'),('Heresznye','Somogy','7587'),('Hetes','Somogy','7432'),('Hollád','Somogy','8731'),('Homokszentgyörgy','Somogy','7537'),('Hosszúvíz','Somogy','8716'),('Igal','Somogy','7464'),('Igal','Somogy','7275'),('Iharos','Somogy','8726'),('Iharosberény','Somogy','8725'),('Inke','Somogy','8724'),('Istvándi','Somogy','7987'),('Jákó','Somogy','7525'),('Juta','Somogy','7431'),('Kadarkút','Somogy','7530'),('Kálmáncsa','Somogy','7538'),('Kánya','Somogy','8667'),('Kapoly','Somogy','8671'),('Kapoly','Somogy','8660'),('Kaposfő','Somogy','7523'),('Kaposgyarmat','Somogy','7473'),('Kaposhomok','Somogy','7261'),('Kaposkeresztúr','Somogy','7258'),('Kaposmérő','Somogy','7521'),('Kaposújlak','Somogy','7522'),('Kaposvár','Somogy','7400'),('Kaposszerdahely','Somogy','7476'),('Kára','Somogy','7285'),('Karád','Somogy','8676'),('Kastélyosdombó','Somogy','7977'),('Kaszó','Somogy','7564'),('Kazsok','Somogy','7274'),('Kelevíz','Somogy','8716'),('Kelevíz','Somogy','8714'),('Kercseliget','Somogy','7256'),('Kereki','Somogy','8618'),('Kéthely','Somogy','8713'),('Kisasszond','Somogy','7523'),('Kisbajom','Somogy','7542'),('Kisbárapáti','Somogy','7282'),('Kisberény','Somogy','8693'),('Kisgyalán','Somogy','7279'),('Kiskorpád','Somogy','7524'),('Komlósd','Somogy','7582'),('Kőkút','Somogy','7530'),('Kőkút','Somogy','7535'),('Kőröshegy','Somogy','8617'),('Kőröshegy','Somogy','8623'),('Kötcse','Somogy','8627'),('Kutas','Somogy','7541'),('Lábod','Somogy','7551'),('Lad','Somogy','7535'),('Lakócsa','Somogy','7918'),('Látrány','Somogy','8681'),('Lengyeltóti','Somogy','8693'),('Lengyeltóti','Somogy','8692'),('Libickozma','Somogy','8707'),('Lulla','Somogy','8660'),('Magyaratád','Somogy','7463'),('Magyaratád','Somogy','7274'),('Magyaregres','Somogy','7441'),('Marcali','Somogy','8714'),('Marcali','Somogy','8700'),('Marcali','Somogy','8709'),('Mernye','Somogy','7453'),('Mernye','Somogy','7456'),('Mesztegnyő','Somogy','8716'),('Mezőcsokonya','Somogy','7434'),('Mike','Somogy','7512'),('Miklósi','Somogy','8669'),('Mosdós','Somogy','7257'),('Nágocs','Somogy','8674'),('Nagyatád','Somogy','7500'),('Nagybajom','Somogy','7561'),('Nagyberény','Somogy','8656'),('Nagyberki','Somogy','7255'),('Nagycsepely','Somogy','8628'),('Nagykorpád','Somogy','7545'),('Nagyszakácsi','Somogy','8739'),('Nemesdéd','Somogy','8722'),('Nemeskisfalud','Somogy','8717'),('Nemesvid','Somogy','8738'),('Nikla','Somogy','8706'),('Nyim','Somogy','8612'),('Orci','Somogy','7400'),('Ordacsehi','Somogy','8635'),('Osztopán','Somogy','7444'),('Öreglak','Somogy','8698'),('Öreglak','Somogy','8695'),('Öreglak','Somogy','8697'),('Őrtilos','Somogy','8854'),('Ötvöskónyi','Somogy','7511'),('Ötvöskónyi','Somogy','7563'),('Pálmajor','Somogy','7561'),('Pamuk','Somogy','8698'),('Patalom','Somogy','7463'),('Patca','Somogy','7477'),('Patosfa','Somogy','7536'),('Péterhida','Somogy','7582'),('Pogányszentpéter','Somogy','8728'),('Polány','Somogy','7458'),('Porrog','Somogy','8858'),('Porrogszentkirály','Somogy','8858'),('Porrogszentpál','Somogy','8858'),('Potony','Somogy','7977'),('Pusztakovácsi','Somogy','8707'),('Pusztakovácsi','Somogy','8708'),('Pusztaszemes','Somogy','8619'),('Ráksi','Somogy','7464'),('Rinyabesenyő','Somogy','7552'),('Rinyakovácsi','Somogy','7527'),('Rinyaszentkirály','Somogy','7513'),('Rinyaújlak','Somogy','7555'),('Rinyaújlak','Somogy','7556'),('Rinyaújnép','Somogy','7584'),('Ságvár','Somogy','8660'),('Ságvár','Somogy','8654'),('Sántos','Somogy','7479'),('Sávoly','Somogy','8732'),('Segesd','Somogy','7562'),('Sérsekszőlős','Somogy','8660'),('Simonfa','Somogy','7474'),('Siófok','Somogy','8600'),('Siójut','Somogy','8652'),('Som','Somogy','8660'),('Som','Somogy','8655'),('Somodor','Somogy','7454'),('Somogyacsa','Somogy','7283'),('Somogyaracs','Somogy','7584'),('Somogyaszaló','Somogy','7452'),('Somogybabod','Somogy','8684'),('Somogybükkösd','Somogy','8858'),('Somogycsicsó','Somogy','8726'),('Somogydöröcske','Somogy','7284'),('Somogyegres','Somogy','8666'),('Somogyfajsz','Somogy','8708'),('Somogygeszti','Somogy','7455'),('Somogyjád','Somogy','7443'),('Somogymeggyes','Somogy','8673'),('Somogysámson','Somogy','8733'),('Somogysárd','Somogy','7435'),('Somogysárd','Somogy','7436'),('Somogysimonyi','Somogy','8737'),('Somogyszentpál','Somogy','8705'),('Somogyszil','Somogy','7276'),('Somogyszob','Somogy','7563'),('Somogytúr','Somogy','8681'),('Somogytúr','Somogy','8683'),('Somogyudvarhely','Somogy','7515'),('Somogyvámos','Somogy','8699'),('Somogyvár','Somogy','8698'),('Somogyzsitfa','Somogy','8734'),('Szabadi','Somogy','7253'),('Szabás','Somogy','7544'),('Szántód','Somogy','8622'),('Szegerdő','Somogy','8732'),('Szenna','Somogy','7477'),('Szenta','Somogy','8849'),('Szentbalázs','Somogy','7472'),('Szentborbás','Somogy','7918'),('Szentgáloskér','Somogy','7465'),('Szenyér','Somogy','8717'),('Szilvásszentmárton','Somogy','7477'),('Szólád','Somogy','8625'),('Szorosad','Somogy','7285'),('Szőkedencs','Somogy','8736'),('Szőlősgyörök','Somogy','8692'),('Szulok','Somogy','7539'),('Tab','Somogy','8660'),('Tapsony','Somogy','8718'),('Tarany','Somogy','7514'),('Táska','Somogy','8696'),('Taszár','Somogy','7261'),('Teleki','Somogy','8626'),('Tengőd','Somogy','8668'),('Tikos','Somogy','8731'),('Torvaj','Somogy','8660'),('Tótújfalu','Somogy','7918'),('Törökkoppány','Somogy','7285'),('Újvárfalva','Somogy','7436'),('Varászló','Somogy','8723'),('Várda','Somogy','7442'),('Vése','Somogy','8721'),('Visnye','Somogy','7533'),('Visnye','Somogy','7478'),('Visz','Somogy','8681'),('Vízvár','Somogy','7588'),('Vörs','Somogy','8711'),('Zákány','Somogy','8852'),('Zákányfalu','Somogy','8853'),('Zala','Somogy','8660'),('Zamárdi','Somogy','8621'),('Zics','Somogy','8672'),('Zimány','Somogy','7471'),('Zselickisfalud','Somogy','7477'),('Zselickislak','Somogy','7400'),('Zselicszentpál','Somogy','7474'),('Ajak','Szabolcs-Szatmár-Bereg','4524'),('Anarcs','Szabolcs-Szatmár-Bereg','4546'),('Apagy','Szabolcs-Szatmár-Bereg','4553'),('Aranyosapáti','Szabolcs-Szatmár-Bereg','4634'),('Baktalórántháza','Szabolcs-Szatmár-Bereg','4561'),('Balkány','Szabolcs-Szatmár-Bereg','4233'),('Balsa','Szabolcs-Szatmár-Bereg','4468'),('Balsa','Szabolcs-Szatmár-Bereg','3955'),('Barabás','Szabolcs-Szatmár-Bereg','4937'),('Bátorliget','Szabolcs-Szatmár-Bereg','4343'),('Benk','Szabolcs-Szatmár-Bereg','4643'),('Beregdaróc','Szabolcs-Szatmár-Bereg','4934'),('Beregsurány','Szabolcs-Szatmár-Bereg','4933'),('Berkesz','Szabolcs-Szatmár-Bereg','4521'),('Besenyőd','Szabolcs-Szatmár-Bereg','4557'),('Beszterec','Szabolcs-Szatmár-Bereg','4488'),('Biri','Szabolcs-Szatmár-Bereg','4235'),('Botpalád','Szabolcs-Szatmár-Bereg','4955'),('Bököny','Szabolcs-Szatmár-Bereg','4231'),('Buj','Szabolcs-Szatmár-Bereg','4483'),('Cégénydányád','Szabolcs-Szatmár-Bereg','4732'),('Csaholc','Szabolcs-Szatmár-Bereg','4967'),('Csaroda','Szabolcs-Szatmár-Bereg','4844'),('Császló','Szabolcs-Szatmár-Bereg','4973'),('Csegöld','Szabolcs-Szatmár-Bereg','4742'),('Csenger','Szabolcs-Szatmár-Bereg','4765'),('Csengersima','Szabolcs-Szatmár-Bereg','4743'),('Csengerújfalu','Szabolcs-Szatmár-Bereg','4764'),('Darnó','Szabolcs-Szatmár-Bereg','4737'),('Demecser','Szabolcs-Szatmár-Bereg','4516'),('Dombrád','Szabolcs-Szatmár-Bereg','4491'),('Dombrád','Szabolcs-Szatmár-Bereg','4492'),('Döge','Szabolcs-Szatmár-Bereg','4495'),('Encsencs','Szabolcs-Szatmár-Bereg','4374'),('Eperjeske','Szabolcs-Szatmár-Bereg','4646'),('Érpatak','Szabolcs-Szatmár-Bereg','4245'),('Érpatak','Szabolcs-Szatmár-Bereg','4244'),('Fábiánháza','Szabolcs-Szatmár-Bereg','4354'),('Fehérgyarmat','Szabolcs-Szatmár-Bereg','4900'),('Fényeslitke','Szabolcs-Szatmár-Bereg','4621'),('Fülesd','Szabolcs-Szatmár-Bereg','4964'),('Fülpösdaróc','Szabolcs-Szatmár-Bereg','4754'),('Gacsály','Szabolcs-Szatmár-Bereg','4972'),('Garbolc','Szabolcs-Szatmár-Bereg','4976'),('Gávavencsellő','Szabolcs-Szatmár-Bereg','4483'),('Gávavencsellő','Szabolcs-Szatmár-Bereg','3955'),('Gávavencsellő','Szabolcs-Szatmár-Bereg','4471'),('Gávavencsellő','Szabolcs-Szatmár-Bereg','4461'),('Géberjén','Szabolcs-Szatmár-Bereg','4754'),('Gégény','Szabolcs-Szatmár-Bereg','4517'),('Gelénes','Szabolcs-Szatmár-Bereg','4935'),('Gemzse','Szabolcs-Szatmár-Bereg','4567'),('Geszteréd','Szabolcs-Szatmár-Bereg','4232'),('Gulács','Szabolcs-Szatmár-Bereg','4842'),('Győröcske','Szabolcs-Szatmár-Bereg','4625'),('Győrtelek','Szabolcs-Szatmár-Bereg','4752'),('Gyulaháza','Szabolcs-Szatmár-Bereg','4545'),('Gyügye','Szabolcs-Szatmár-Bereg','4733'),('Gyüre','Szabolcs-Szatmár-Bereg','4813'),('Hermánszeg','Szabolcs-Szatmár-Bereg','4735'),('Hetefejércse','Szabolcs-Szatmár-Bereg','4843'),('Hodász','Szabolcs-Szatmár-Bereg','4334'),('Ibrány','Szabolcs-Szatmár-Bereg','4484'),('Ilk','Szabolcs-Szatmár-Bereg','4566'),('Jánd','Szabolcs-Szatmár-Bereg','4841'),('Jánkmajtis','Szabolcs-Szatmár-Bereg','4741'),('Jármi','Szabolcs-Szatmár-Bereg','4337'),('Jéke','Szabolcs-Szatmár-Bereg','4611'),('Kállósemjén','Szabolcs-Szatmár-Bereg','4324'),('Kálmánháza','Szabolcs-Szatmár-Bereg','4434'),('Kántorjánosi','Szabolcs-Szatmár-Bereg','4335'),('Kék','Szabolcs-Szatmár-Bereg','4515'),('Kékcse','Szabolcs-Szatmár-Bereg','4494'),('Kemecse','Szabolcs-Szatmár-Bereg','4501'),('Kérsemjén','Szabolcs-Szatmár-Bereg','4912'),('Kisar','Szabolcs-Szatmár-Bereg','4921'),('Kishódos','Szabolcs-Szatmár-Bereg','4977'),('Kisléta','Szabolcs-Szatmár-Bereg','4325'),('Kisnamény','Szabolcs-Szatmár-Bereg','4737'),('Kispalád','Szabolcs-Szatmár-Bereg','4956'),('Kisvárda','Szabolcs-Szatmár-Bereg','4600'),('Kisvarsány','Szabolcs-Szatmár-Bereg','4811'),('Kisszekeres','Szabolcs-Szatmár-Bereg','4963'),('Kocsord','Szabolcs-Szatmár-Bereg','4751'),('Komlódtótfalu','Szabolcs-Szatmár-Bereg','4765'),('Komoró','Szabolcs-Szatmár-Bereg','4622'),('Kótaj','Szabolcs-Szatmár-Bereg','4482'),('Kölcse','Szabolcs-Szatmár-Bereg','4965'),('Kömörő','Szabolcs-Szatmár-Bereg','4943'),('Laskod','Szabolcs-Szatmár-Bereg','4543'),('Levelek','Szabolcs-Szatmár-Bereg','4555'),('Lónya','Szabolcs-Szatmár-Bereg','4836'),('Lövőpetri','Szabolcs-Szatmár-Bereg','4633'),('Magosliget','Szabolcs-Szatmár-Bereg','4953'),('Magy','Szabolcs-Szatmár-Bereg','4556'),('Mánd','Szabolcs-Szatmár-Bereg','4942'),('Mándok','Szabolcs-Szatmár-Bereg','4644'),('Mándok','Szabolcs-Szatmár-Bereg','4044'),('Máriapócs','Szabolcs-Szatmár-Bereg','4326'),('Márokpapi','Szabolcs-Szatmár-Bereg','4932'),('Mátészalka','Szabolcs-Szatmár-Bereg','4700'),('Mátyus','Szabolcs-Szatmár-Bereg','4835'),('Méhtelek','Szabolcs-Szatmár-Bereg','4975'),('Mérk','Szabolcs-Szatmár-Bereg','4352'),('Mezőladány','Szabolcs-Szatmár-Bereg','4641'),('Milota','Szabolcs-Szatmár-Bereg','4948'),('Nábrád','Szabolcs-Szatmár-Bereg','4911'),('Nagyar','Szabolcs-Szatmár-Bereg','4922'),('Nagycserkesz','Szabolcs-Szatmár-Bereg','4445'),('Nagydobos','Szabolcs-Szatmár-Bereg','4823'),('Nagyecsed','Szabolcs-Szatmár-Bereg','4355'),('Nagyhalász','Szabolcs-Szatmár-Bereg','4501'),('Nagyhalász','Szabolcs-Szatmár-Bereg','4485'),('Nagyhalász','Szabolcs-Szatmár-Bereg','4486'),('Nagyhódos','Szabolcs-Szatmár-Bereg','4977'),('Nagykálló','Szabolcs-Szatmár-Bereg','4320'),('Nagyszekeres','Szabolcs-Szatmár-Bereg','4962'),('Nagyvarsány','Szabolcs-Szatmár-Bereg','4812'),('Napkor','Szabolcs-Szatmár-Bereg','4552'),('Nemesborzova','Szabolcs-Szatmár-Bereg','4942'),('Nyírbátor','Szabolcs-Szatmár-Bereg','4300'),('Nyírbátor','Szabolcs-Szatmár-Bereg','4375'),('Nyírbéltek','Szabolcs-Szatmár-Bereg','4372'),('Nyírbogát','Szabolcs-Szatmár-Bereg','4361'),('Nyírbogdány','Szabolcs-Szatmár-Bereg','4511'),('Nyírbogdány','Szabolcs-Szatmár-Bereg','4512'),('Nyírcsaholy','Szabolcs-Szatmár-Bereg','4356'),('Nyírcsászári','Szabolcs-Szatmár-Bereg','4331'),('Nyírderzs','Szabolcs-Szatmár-Bereg','4332'),('Nyíregyháza','Szabolcs-Szatmár-Bereg','4244'),('Nyíregyháza','Szabolcs-Szatmár-Bereg','4400'),('Nyíregyháza','Szabolcs-Szatmár-Bereg','4461'),('Nyíregyháza','Szabolcs-Szatmár-Bereg','4246'),('Nyíregyháza','Szabolcs-Szatmár-Bereg','4433'),('Nyíregyháza','Szabolcs-Szatmár-Bereg','4481'),('Nyíregyháza','Szabolcs-Szatmár-Bereg','4432'),('Nyíregyháza','Szabolcs-Szatmár-Bereg','4551'),('Nyíregyháza','Szabolcs-Szatmár-Bereg','4431'),('Nyírgelse','Szabolcs-Szatmár-Bereg','4362'),('Nyírgyulaj','Szabolcs-Szatmár-Bereg','4311'),('Nyíribrony','Szabolcs-Szatmár-Bereg','4535'),('Nyírjákó','Szabolcs-Szatmár-Bereg','4541'),('Nyírkarász','Szabolcs-Szatmár-Bereg','4544'),('Nyírkáta','Szabolcs-Szatmár-Bereg','4333'),('Nyírkércs','Szabolcs-Szatmár-Bereg','4537'),('Nyírlövő','Szabolcs-Szatmár-Bereg','4632'),('Nyírlugos','Szabolcs-Szatmár-Bereg','4371'),('Nyírmada','Szabolcs-Szatmár-Bereg','4564'),('Nyírmeggyes','Szabolcs-Szatmár-Bereg','4722'),('Nyírmihálydi','Szabolcs-Szatmár-Bereg','4363'),('Nyírparasznya','Szabolcs-Szatmár-Bereg','4822'),('Nyírpazony','Szabolcs-Szatmár-Bereg','4531'),('Nyírpilis','Szabolcs-Szatmár-Bereg','4376'),('Nyírtass','Szabolcs-Szatmár-Bereg','4522'),('Nyírtelek','Szabolcs-Szatmár-Bereg','4461'),('Nyírtét','Szabolcs-Szatmár-Bereg','4554'),('Nyírtura','Szabolcs-Szatmár-Bereg','4532'),('Nyírtura','Szabolcs-Szatmár-Bereg','4501'),('Nyírvasvári','Szabolcs-Szatmár-Bereg','4341'),('Ófehértó','Szabolcs-Szatmár-Bereg','4558'),('Olcsva','Szabolcs-Szatmár-Bereg','4826'),('Olcsvaapáti','Szabolcs-Szatmár-Bereg','4914'),('Ópályi','Szabolcs-Szatmár-Bereg','4821'),('Ököritófülpös','Szabolcs-Szatmár-Bereg','4755'),('Ömböly','Szabolcs-Szatmár-Bereg','4373'),('Őr','Szabolcs-Szatmár-Bereg','4336'),('Panyola','Szabolcs-Szatmár-Bereg','4913'),('Pap','Szabolcs-Szatmár-Bereg','4631'),('Papos','Szabolcs-Szatmár-Bereg','4338'),('Paszab','Szabolcs-Szatmár-Bereg','4475'),('Pátroha','Szabolcs-Szatmár-Bereg','4523'),('Pátyod','Szabolcs-Szatmár-Bereg','4766'),('Penészlek','Szabolcs-Szatmár-Bereg','4267'),('Penyige','Szabolcs-Szatmár-Bereg','4941'),('Petneháza','Szabolcs-Szatmár-Bereg','4542'),('Piricse','Szabolcs-Szatmár-Bereg','4375'),('Pócspetri','Szabolcs-Szatmár-Bereg','4327'),('Porcsalma','Szabolcs-Szatmár-Bereg','4761'),('Pusztadobos','Szabolcs-Szatmár-Bereg','4565'),('Rakamaz','Szabolcs-Szatmár-Bereg','4465'),('Ramocsaháza','Szabolcs-Szatmár-Bereg','4536'),('Rápolt','Szabolcs-Szatmár-Bereg','4756'),('Rétközberencs','Szabolcs-Szatmár-Bereg','4525'),('Rohod','Szabolcs-Szatmár-Bereg','4563'),('Rozsály','Szabolcs-Szatmár-Bereg','4971'),('Sényő','Szabolcs-Szatmár-Bereg','4533'),('Sonkád','Szabolcs-Szatmár-Bereg','4954'),('Szabolcs','Szabolcs-Szatmár-Bereg','4467'),('Szabolcsbáka','Szabolcs-Szatmár-Bereg','4547'),('Szabolcsveresmart','Szabolcs-Szatmár-Bereg','4496'),('Szakoly','Szabolcs-Szatmár-Bereg','4234'),('Szamosangyalos','Szabolcs-Szatmár-Bereg','4767'),('Szamosbecs','Szabolcs-Szatmár-Bereg','4745'),('Szamoskér','Szabolcs-Szatmár-Bereg','4721'),('Szamossályi','Szabolcs-Szatmár-Bereg','4735'),('Szamostatárfalva','Szabolcs-Szatmár-Bereg','4746'),('Szamosújlak','Szabolcs-Szatmár-Bereg','4734'),('Szamosszeg','Szabolcs-Szatmár-Bereg','4824'),('Szatmárcseke','Szabolcs-Szatmár-Bereg','4945'),('Székely','Szabolcs-Szatmár-Bereg','4534'),('Szorgalmatos','Szabolcs-Szatmár-Bereg','4441'),('Tákos','Szabolcs-Szatmár-Bereg','4845'),('Tarpa','Szabolcs-Szatmár-Bereg','4931'),('Terem','Szabolcs-Szatmár-Bereg','4342'),('Tiborszállás','Szabolcs-Szatmár-Bereg','4353'),('Timár','Szabolcs-Szatmár-Bereg','4466'),('Tiszaadony','Szabolcs-Szatmár-Bereg','4833'),('Tiszabecs','Szabolcs-Szatmár-Bereg','4951'),('Tiszabercel','Szabolcs-Szatmár-Bereg','4474'),('Tiszabezdéd','Szabolcs-Szatmár-Bereg','4624'),('Tiszacsécse','Szabolcs-Szatmár-Bereg','4947'),('Tiszadada','Szabolcs-Szatmár-Bereg','4455'),('Tiszadob','Szabolcs-Szatmár-Bereg','4456'),('Tiszaeszlár','Szabolcs-Szatmár-Bereg','4446'),('Tiszaeszlár','Szabolcs-Szatmár-Bereg','4464'),('Tiszakanyár','Szabolcs-Szatmár-Bereg','4493'),('Tiszakerecseny','Szabolcs-Szatmár-Bereg','4834'),('Tiszakóród','Szabolcs-Szatmár-Bereg','4946'),('Tiszalök','Szabolcs-Szatmár-Bereg','4450'),('Tiszalök','Szabolcs-Szatmár-Bereg','4447'),('Tiszamogyorós','Szabolcs-Szatmár-Bereg','4645'),('Tiszanagyfalu','Szabolcs-Szatmár-Bereg','4463'),('Tiszanagyfalu','Szabolcs-Szatmár-Bereg','4461'),('Tiszarád','Szabolcs-Szatmár-Bereg','4503'),('Tiszaszalka','Szabolcs-Szatmár-Bereg','4831'),('Tiszaszentmárton','Szabolcs-Szatmár-Bereg','4628'),('Tiszatelek','Szabolcs-Szatmár-Bereg','4486'),('Tiszatelek','Szabolcs-Szatmár-Bereg','4487'),('Tiszavasvári','Szabolcs-Szatmár-Bereg','4440'),('Tiszavid','Szabolcs-Szatmár-Bereg','4832'),('Tisztaberek','Szabolcs-Szatmár-Bereg','4969'),('Tivadar','Szabolcs-Szatmár-Bereg','4921'),('Tornyospálca','Szabolcs-Szatmár-Bereg','4642'),('Tornyospálca','Szabolcs-Szatmár-Bereg','4634'),('Tunyogmatolcs','Szabolcs-Szatmár-Bereg','4731'),('Túristvándi','Szabolcs-Szatmár-Bereg','4944'),('Túrricse','Szabolcs-Szatmár-Bereg','4968'),('Tuzsér','Szabolcs-Szatmár-Bereg','4623'),('Tyukod','Szabolcs-Szatmár-Bereg','4762'),('Újdombrád','Szabolcs-Szatmár-Bereg','4491'),('Újfehértó','Szabolcs-Szatmár-Bereg','4244'),('Újfehértó','Szabolcs-Szatmár-Bereg','4087'),('Újkenéz','Szabolcs-Szatmár-Bereg','4635'),('Ura','Szabolcs-Szatmár-Bereg','4763'),('Uszka','Szabolcs-Szatmár-Bereg','4952'),('Vaja','Szabolcs-Szatmár-Bereg','4562'),('Vállaj','Szabolcs-Szatmár-Bereg','4351'),('Vámosatya','Szabolcs-Szatmár-Bereg','4936'),('Vámosoroszi','Szabolcs-Szatmár-Bereg','4966'),('Vásárosnamény','Szabolcs-Szatmár-Bereg','4804'),('Vásárosnamény','Szabolcs-Szatmár-Bereg','4803'),('Vásárosnamény','Szabolcs-Szatmár-Bereg','4800'),('Vasmegyer','Szabolcs-Szatmár-Bereg','4502'),('Záhony','Szabolcs-Szatmár-Bereg','4625'),('Zajta','Szabolcs-Szatmár-Bereg','4974'),('Zsarolyán','Szabolcs-Szatmár-Bereg','4961'),('Zsurk','Szabolcs-Szatmár-Bereg','4627'),('Alsónána','Tolna','7147'),('Alsónyék','Tolna','7140'),('Alsónyék','Tolna','7148'),('Aparhant','Tolna','7186'),('Attala','Tolna','7252'),('Attala','Tolna','7200'),('Báta','Tolna','7149'),('Báta','Tolna','7140'),('Bátaapáti','Tolna','7164'),('Bátaszék','Tolna','7140'),('Belecska','Tolna','7061'),('Bikács','Tolna','7043'),('Bogyiszló','Tolna','7132'),('Bogyiszló','Tolna','7100'),('Bonyhád','Tolna','7150'),('Bonyhád','Tolna','7173'),('Bonyhád','Tolna','7696'),('Bonyhád','Tolna','7187'),('Bonyhád','Tolna','7162'),('Bonyhád','Tolna','7159'),('Bonyhádvarasd','Tolna','7158'),('Bölcske','Tolna','7025'),('Bölcske','Tolna','7030'),('Cikó','Tolna','7161'),('Csibrák','Tolna','7225'),('Csikóstőttős','Tolna','7341'),('Dalmand','Tolna','7200'),('Dalmand','Tolna','7211'),('Decs','Tolna','7144'),('Decs','Tolna','7100'),('Diósberény','Tolna','7072'),('Dombóvár','Tolna','7200'),('Döbrököz','Tolna','7228'),('Döbrököz','Tolna','7200'),('Dunaföldvár','Tolna','7020'),('Dunaszentgyörgy','Tolna','7135'),('Dúzs','Tolna','7224'),('Értény','Tolna','7093'),('Fácánkert','Tolna','7136'),('Fadd','Tolna','7133'),('Fadd','Tolna','7139'),('Felsőnána','Tolna','7175'),('Felsőnyék','Tolna','7099'),('Fürged','Tolna','7087'),('Gerjen','Tolna','7134'),('Grábóc','Tolna','7162'),('Gyönk','Tolna','7064'),('Györe','Tolna','7352'),('Györköny','Tolna','7045'),('Gyulaj','Tolna','7227'),('Harc','Tolna','7172'),('Hőgyész','Tolna','7193'),('Hőgyész','Tolna','7191'),('Hőgyész','Tolna','7195'),('Iregszemcse','Tolna','7095'),('Izmény','Tolna','7353'),('Jágónak','Tolna','7357'),('Kajdacs','Tolna','7051'),('Kakasd','Tolna','7122'),('Kalaznó','Tolna','7194'),('Kapospula','Tolna','7200'),('Kapospula','Tolna','7251'),('Kaposszekcső','Tolna','7200'),('Kaposszekcső','Tolna','7361'),('Keszőhidegkút','Tolna','7062'),('Kéty','Tolna','7174'),('Kisdorog','Tolna','7159'),('Kismányok','Tolna','7356'),('Kistormás','Tolna','7068'),('Kisvejke','Tolna','7183'),('Kisszékely','Tolna','7082'),('Kocsola','Tolna','7212'),('Koppányszántó','Tolna','7094'),('Kölesd','Tolna','7052'),('Kurd','Tolna','7226'),('Lápafő','Tolna','7214'),('Lengyel','Tolna','7184'),('Madocsa','Tolna','7026'),('Magyarkeszi','Tolna','7098'),('Medina','Tolna','7057'),('Miszla','Tolna','7066'),('Miszla','Tolna','7065'),('Mórágy','Tolna','7165'),('Mőcsény','Tolna','7163'),('Mucsfa','Tolna','7185'),('Mucsi','Tolna','7195'),('Murga','Tolna','7176'),('Nagydorog','Tolna','7044'),('Nagykónyi','Tolna','7092'),('Nagymányok','Tolna','7355'),('Nagyszékely','Tolna','7085'),('Nagyszokoly','Tolna','7097'),('Nagyvejke','Tolna','7186'),('Nak','Tolna','7215'),('Nak','Tolna','7200'),('Németkér','Tolna','7039'),('Ozora','Tolna','7086'),('Őcsény','Tolna','7143'),('Őcsény','Tolna','7100'),('Paks','Tolna','7030'),('Paks','Tolna','7027'),('Pálfa','Tolna','7042'),('Pári','Tolna','7091'),('Pincehely','Tolna','7084'),('Pörböly','Tolna','7142'),('Pusztahencse','Tolna','7030'),('Pusztahencse','Tolna','7038'),('Regöly','Tolna','7090'),('Regöly','Tolna','7193'),('Sárpilis','Tolna','7145'),('Sárszentlőrinc','Tolna','7047'),('Simontornya','Tolna','7081'),('Sióagárd','Tolna','7171'),('Szakadát','Tolna','7071'),('Szakály','Tolna','7192'),('Szakcs','Tolna','7213'),('Szálka','Tolna','7121'),('Szárazd','Tolna','7063'),('Szedres','Tolna','7056'),('Szedres','Tolna','7054'),('Szekszárd','Tolna','7100'),('Tamási','Tolna','7090'),('Tengelic','Tolna','7054'),('Tevel','Tolna','7159'),('Tevel','Tolna','7181'),('Tolna','Tolna','7130'),('Tolnanémedi','Tolna','7083'),('Udvari','Tolna','7047'),('Udvari','Tolna','7066'),('Újireg','Tolna','7095'),('Váralja','Tolna','7354'),('Várdomb','Tolna','7146'),('Várdomb','Tolna','7100'),('Várong','Tolna','7214'),('Varsád','Tolna','7067'),('Závod','Tolna','7181'),('Závod','Tolna','7182'),('Zomba','Tolna','7173'),('Zomba','Tolna','7172'),('Acsád','Vas','9746'),('Alsószölnök','Vas','9983'),('Alsóújlak','Vas','9842'),('Alsóújlak','Vas','9841'),('Alsóújlak','Vas','9825'),('Andrásfa','Vas','9811'),('Apátistvánfalva','Vas','9982'),('Bajánsenye','Vas','9944'),('Balogunyom','Vas','9771'),('Bejcgyertyános','Vas','9683'),('Bejcgyertyános','Vas','9672'),('Bérbaltavár','Vas','9831'),('Boba','Vas','9542'),('Borgáta','Vas','9554'),('Bozzai','Vas','9752'),('Bozsok','Vas','9727'),('Bő','Vas','9625'),('Bögöt','Vas','9612'),('Bögöte','Vas','9675'),('Bucsu','Vas','9792'),('Bük','Vas','9740'),('Bük','Vas','9737'),('Cák','Vas','9725'),('Celldömölk','Vas','9500'),('Celldömölk','Vas','9541'),('Chernelházadamonya','Vas','9624'),('Csákánydoroszló','Vas','9919'),('Csánig','Vas','9654'),('Csehi','Vas','9833'),('Csehimindszent','Vas','9676'),('Csehimindszent','Vas','9834'),('Csempeszkopács','Vas','9764'),('Csénye','Vas','9611'),('Csepreg','Vas','9735'),('Csepreg','Vas','9474'),('Csipkerek','Vas','9836'),('Csönge','Vas','9513'),('Csörötnek','Vas','9962'),('Daraboshegy','Vas','9917'),('Dozmat','Vas','9791'),('Döbörhegy','Vas','9914'),('Döröske','Vas','9913'),('Duka','Vas','9556'),('Egervölgy','Vas','9684'),('Egyházashetye','Vas','9554'),('Egyházashollós','Vas','9781'),('Egyházasrádóc','Vas','9783'),('Felsőcsatár','Vas','9794'),('Felsőjánosfa','Vas','9934'),('Felsőmarác','Vas','9918'),('Felsőszölnök','Vas','9985'),('Gasztony','Vas','9952'),('Gencsapáti','Vas','9721'),('Gérce','Vas','9672'),('Gersekarát','Vas','9813'),('Gór','Vas','9625'),('Gyanógeregye','Vas','9774'),('Gyöngyösfalu','Vas','9723'),('Győrvár','Vas','9821'),('Halastó','Vas','9814'),('Halogy','Vas','9917'),('Harasztifalu','Vas','9784'),('Hegyfalu','Vas','9631'),('Hegyháthodász','Vas','9915'),('Hegyhátsál','Vas','9915'),('Hegyhátszentjakab','Vas','9934'),('Hegyhátszentmárton','Vas','9931'),('Hegyhátszentpéter','Vas','9826'),('Horvátlövő','Vas','9796'),('Horvátzsidány','Vas','9733'),('Hosszúpereszteg','Vas','9676'),('Ikervár','Vas','9756'),('Iklanberény','Vas','9634'),('Ispánk','Vas','9941'),('Ivánc','Vas','9931'),('Ják','Vas','9798'),('Jákfa','Vas','9643'),('Jánosháza','Vas','9545'),('Káld','Vas','9673'),('Kám','Vas','9841'),('Karakó','Vas','9547'),('Katafa','Vas','9915'),('Keléd','Vas','9549'),('Kemeneskápolna','Vas','9553'),('Kemenesmagasi','Vas','9522'),('Kemenesmihályfa','Vas','9511'),('Kemenesmihályfa','Vas','9561'),('Kemenespálfa','Vas','9544'),('Kemenessömjén','Vas','9517'),('Kemenesszentmárton','Vas','9521'),('Kemestaródfa','Vas','9923'),('Kenéz','Vas','9752'),('Kenyeri','Vas','9514'),('Kercaszomor','Vas','9945'),('Kerkáskápolna','Vas','9944'),('Kétvölgy','Vas','9982'),('Kisrákos','Vas','9936'),('Kissomlyó','Vas','9555'),('Kisunyom','Vas','9772'),('Kiszsidány','Vas','9733'),('Kondorfa','Vas','9943'),('Köcsk','Vas','9553'),('Körmend','Vas','9900'),('Körmend','Vas','9909'),('Kőszeg','Vas','9730'),('Kőszegdoroszló','Vas','9725'),('Kőszegpaty','Vas','9739'),('Kőszegszerdahely','Vas','9725'),('Lócs','Vas','9634'),('Lukácsháza','Vas','9724'),('Magyarlak','Vas','9962'),('Magyarnádalja','Vas','9909'),('Magyarszecsőd','Vas','9912'),('Magyarszombatfa','Vas','9946'),('Megyehíd','Vas','9754'),('Meggyeskovácsi','Vas','9757'),('Meggyeskovácsi','Vas','9764'),('Mersevát','Vas','9531'),('Mesterháza','Vas','9662'),('Mesteri','Vas','9551'),('Meszlen','Vas','9745'),('Mikosszéplak','Vas','9835'),('Molnaszecsőd','Vas','9912'),('Nádasd','Vas','9915'),('Nagygeresd','Vas','9664'),('Nagykölked','Vas','9784'),('Nagymizdó','Vas','9913'),('Nagyrákos','Vas','9938'),('Nagysimonyi','Vas','9561'),('Nagytilaj','Vas','9832'),('Nárai','Vas','9797'),('Narda','Vas','9793'),('Nemesbőd','Vas','9749'),('Nemescsó','Vas','9739'),('Nemeskeresztúr','Vas','9548'),('Nemeskocs','Vas','9542'),('Nemeskolta','Vas','9775'),('Nemesládony','Vas','9663'),('Nemesmedves','Vas','9953'),('Nemesrempehollós','Vas','9782'),('Nick','Vas','9652'),('Nyőgér','Vas','9682'),('Olaszfa','Vas','9824'),('Ólmod','Vas','9733'),('Orfalu','Vas','9982'),('Ostffyasszonyfa','Vas','9512'),('Oszkó','Vas','9825'),('Ölbő','Vas','9621'),('Őrimagyarósd','Vas','9933'),('Őriszentpéter','Vas','9941'),('Pácsony','Vas','9823'),('Pankasz','Vas','9937'),('Pápoc','Vas','9515'),('Pecöl','Vas','9754'),('Perenye','Vas','9722'),('Peresznye','Vas','9734'),('Petőmihályfa','Vas','9826'),('Pinkamindszent','Vas','9922'),('Pornóapáti','Vas','9796'),('Porpác','Vas','9612'),('Pósfa','Vas','9636'),('Pusztacsó','Vas','9739'),('Püspökmolnári','Vas','9776'),('Rábagyarmat','Vas','9961'),('Rábahídvég','Vas','9777'),('Rábapaty','Vas','9641'),('Rábatöttös','Vas','9766'),('Rádóckölked','Vas','9784'),('Rátót','Vas','9951'),('Répcelak','Vas','9653'),('Répceszentgyörgy','Vas','9623'),('Rönök','Vas','9954'),('Rum','Vas','9766'),('Sajtoskál','Vas','9632'),('Salköveskút','Vas','9742'),('Salköveskút','Vas','9746'),('Sárfimizdó','Vas','9813'),('Sárvár','Vas','9600'),('Sárvár','Vas','9609'),('Sárvár','Vas','9608'),('Sé','Vas','9789'),('Simaság','Vas','9633'),('Sitke','Vas','9671'),('Sorkifalud','Vas','9774'),('Sorkikápolna','Vas','9774'),('Sorokpolány','Vas','9773'),('Sótony','Vas','9681'),('Söpte','Vas','9743'),('Szaknyér','Vas','9934'),('Szakonyfalu','Vas','9983'),('Szalafő','Vas','9942'),('Szarvaskend','Vas','9913'),('Szatta','Vas','9938'),('Szeleste','Vas','9622'),('Szemenye','Vas','9685'),('Szentgotthárd','Vas','9970'),('Szentgotthárd','Vas','9981'),('Szentgotthárd','Vas','9955'),('Szentpéterfa','Vas','9784'),('Szentpéterfa','Vas','9799'),('Szergény','Vas','9523'),('Szombathely','Vas','9700'),('Szőce','Vas','9935'),('Tanakajd','Vas','9762'),('Táplánszentkereszt','Vas','9761'),('Telekes','Vas','9812'),('Tokorcs','Vas','9561'),('Tompaládony','Vas','9662'),('Tormásliget','Vas','9736'),('Torony','Vas','9791'),('Tömörd','Vas','9738'),('Uraiújfalu','Vas','9651'),('Vámoscsalád','Vas','9665'),('Vasalja','Vas','9921'),('Vásárosmiske','Vas','9552'),('Vasasszonyfa','Vas','9744'),('Vasegerszeg','Vas','9661'),('Vashosszúfalu','Vas','9674'),('Vaskeresztes','Vas','9795'),('Vassurány','Vas','9741'),('Vasvár','Vas','9800'),('Vasszécseny','Vas','9763'),('Vasszentmihály','Vas','9953'),('Vasszilvágy','Vas','9747'),('Vát','Vas','9748'),('Velem','Vas','9726'),('Velemér','Vas','9946'),('Vép','Vas','9751'),('Viszák','Vas','9932'),('Vönöck','Vas','9516'),('Zsédeny','Vas','9635'),('Zsennye','Vas','9766'),('Ábrahámhegy','Veszprém','8256'),('Adásztevel','Veszprém','8561'),('Adorjánháza','Veszprém','8497'),('Ajka','Veszprém','8447'),('Ajka','Veszprém','8448'),('Ajka','Veszprém','8400'),('Ajka','Veszprém','8451'),('Alsóörs','Veszprém','8226'),('Apácatorna','Veszprém','8477'),('Aszófő','Veszprém','8241'),('Badacsonytomaj','Veszprém','8261'),('Badacsonytomaj','Veszprém','8257'),('Badacsonytomaj','Veszprém','8258'),('Badacsonytördemic','Veszprém','8263'),('Bakonybél','Veszprém','8427'),('Bakonyjákó','Veszprém','8581'),('Bakonykoppány','Veszprém','8571'),('Bakonynána','Veszprém','8422'),('Bakonyoszlop','Veszprém','8418'),('Bakonypölöske','Veszprém','8457'),('Bakonyság','Veszprém','8557'),('Bakonyszentiván','Veszprém','8557'),('Bakonyszentkirály','Veszprém','8430'),('Bakonyszentkirály','Veszprém','8418'),('Bakonyszücs','Veszprém','8571'),('Bakonyszücs','Veszprém','8572'),('Bakonytamási','Veszprém','8435'),('Bakonytamási','Veszprém','8555'),('Balatonakali','Veszprém','8243'),('Balatonalmádi','Veszprém','8220'),('Balatoncsicsó','Veszprém','8272'),('Balatoncsicsó','Veszprém','8294'),('Balatonederics','Veszprém','8312'),('Balatonfőkajár','Veszprém','8172'),('Balatonfőkajár','Veszprém','8164'),('Balatonfüred','Veszprém','8230'),('Balatonfűzfő','Veszprém','8175'),('Balatonhenye','Veszprém','8275'),('Balatonkenese','Veszprém','8172'),('Balatonkenese','Veszprém','8174'),('Balatonrendes','Veszprém','8255'),('Balatonszepezd','Veszprém','8252'),('Balatonszőlős','Veszprém','8233'),('Balatonudvari','Veszprém','8242'),('Balatonvilágos','Veszprém','8171'),('Bánd','Veszprém','8443'),('Bánd','Veszprém','8441'),('Barnag','Veszprém','8291'),('Bazsi','Veszprém','8352'),('Béb','Veszprém','8565'),('Békás','Veszprém','8515'),('Berhida','Veszprém','8181'),('Berhida','Veszprém','8182'),('Bodorfa','Veszprém','8471'),('Borszörcsök','Veszprém','8479'),('Borzavár','Veszprém','8428'),('Csabrendek','Veszprém','8474'),('Csabrendek','Veszprém','8330'),('Csajág','Veszprém','8163'),('Csehbánya','Veszprém','8445'),('Csesznek','Veszprém','8419'),('Csesznek','Veszprém','8420'),('Csetény','Veszprém','8417'),('Csopak','Veszprém','8229'),('Csót','Veszprém','8558'),('Csögle','Veszprém','8495'),('Dabronc','Veszprém','8345'),('Dabrony','Veszprém','8485'),('Dáka','Veszprém','8592'),('Dáka','Veszprém','8484'),('Devecser','Veszprém','8460'),('Doba','Veszprém','8482'),('Döbrönte','Veszprém','8597'),('Dörgicse','Veszprém','8244'),('Dörgicse','Veszprém','8242'),('Dudar','Veszprém','8416'),('Egeralja','Veszprém','8497'),('Egyházaskesző','Veszprém','8523'),('Egyházaskesző','Veszprém','8532'),('Eplény','Veszprém','8413'),('Farkasgyepű','Veszprém','8445'),('Farkasgyepű','Veszprém','8582'),('Felsőörs','Veszprém','8227'),('Ganna','Veszprém','8597'),('Gecse','Veszprém','8543'),('Gic','Veszprém','8435'),('Gógánfa','Veszprém','8346'),('Gyepükaján','Veszprém','8473'),('Gyulakeszi','Veszprém','8286'),('Hajmáskér','Veszprém','8192'),('Halimba','Veszprém','8452'),('Hárskút','Veszprém','8442'),('Hegyesd','Veszprém','8296'),('Hegymagas','Veszprém','8265'),('Herend','Veszprém','8440'),('Hetyefő','Veszprém','8344'),('Hidegkút','Veszprém','8247'),('Homokbödöge','Veszprém','8563'),('Hosztót','Veszprém','8475'),('Iszkáz','Veszprém','8493'),('Jásd','Veszprém','8424'),('Kamond','Veszprém','9547'),('Kamond','Veszprém','8469'),('Kapolcs','Veszprém','8294'),('Káptalanfa','Veszprém','8471'),('Káptalantóti','Veszprém','8283'),('Karakószörcsök','Veszprém','8491'),('Kékkút','Veszprém','8254'),('Kemeneshőgyész','Veszprém','8516'),('Kemenesszentpéter','Veszprém','8518'),('Kerta','Veszprém','8492'),('Királyszentistván','Veszprém','8195'),('Kisapáti','Veszprém','8284'),('Kisberzseny','Veszprém','8477'),('Kiscsősz','Veszprém','8494'),('Kislőd','Veszprém','8446'),('Kislőd','Veszprém','8445'),('Kispirit','Veszprém','8496'),('Kisszőlős','Veszprém','8483'),('Kolontár','Veszprém','8468'),('Kővágóörs','Veszprém','8254'),('Kővágóörs','Veszprém','8255'),('Köveskál','Veszprém','8274'),('Kup','Veszprém','8595'),('Külsővat','Veszprém','9532'),('Küngös','Veszprém','8162'),('Lesencefalu','Veszprém','8318'),('Lesenceistvánd','Veszprém','8319'),('Lesencetomaj','Veszprém','8318'),('Litér','Veszprém','8196'),('Lókút','Veszprém','8425'),('Lovas','Veszprém','8228'),('Lovászpatona','Veszprém','8553'),('Magyargencs','Veszprém','8517'),('Magyarpolány','Veszprém','8449'),('Malomsok','Veszprém','8533'),('Marcalgergelyi','Veszprém','9534'),('Marcaltő','Veszprém','8532'),('Marcaltő','Veszprém','8531'),('Márkó','Veszprém','8440'),('Márkó','Veszprém','8441'),('Megyer','Veszprém','8348'),('Mencshely','Veszprém','8271'),('Mezőlak','Veszprém','8500'),('Mezőlak','Veszprém','8514'),('Mihályháza','Veszprém','8514'),('Mihályháza','Veszprém','8513'),('Mindszentkálla','Veszprém','8282'),('Monostorapáti','Veszprém','8296'),('Monoszló','Veszprém','8273'),('Nagyacsád','Veszprém','8521'),('Nagyalásony','Veszprém','8484'),('Nagydém','Veszprém','8554'),('Nagyesztergár','Veszprém','8415'),('Nagygyimót','Veszprém','8551'),('Nagypirit','Veszprém','8496'),('Nagytevel','Veszprém','8562'),('Nagyvázsony','Veszprém','8291'),('Nagyvázsony','Veszprém','8200'),('Nemesgörzsöny','Veszprém','8522'),('Nemesgulács','Veszprém','8284'),('Nemeshany','Veszprém','8471'),('Nemesvámos','Veszprém','8248'),('Nemesvita','Veszprém','8311'),('Nemesszalók','Veszprém','9533'),('Németbánya','Veszprém','8581'),('Nóráp','Veszprém','8591'),('Noszlop','Veszprém','8456'),('Nyárád','Veszprém','8512'),('Nyirád','Veszprém','8454'),('Óbudavár','Veszprém','8272'),('Olaszfalu','Veszprém','8414'),('Oroszi','Veszprém','8458'),('Öcs','Veszprém','8292'),('Örvényes','Veszprém','8242'),('Ősi','Veszprém','8161'),('Öskü','Veszprém','8191'),('Öskü','Veszprém','8100'),('Paloznak','Veszprém','8229'),('Pápa','Veszprém','8500'),('Pápa','Veszprém','8511'),('Pápa','Veszprém','8591'),('Pápa','Veszprém','8531'),('Pápa','Veszprém','8598'),('Pápadereske','Veszprém','8593'),('Pápakovácsi','Veszprém','8596'),('Pápasalamon','Veszprém','8594'),('Pápateszér','Veszprém','8556'),('Papkeszi','Veszprém','8182'),('Papkeszi','Veszprém','8183'),('Pécsely','Veszprém','8245'),('Pénzesgyőr','Veszprém','8426'),('Pétfürdő','Veszprém','8105'),('Porva','Veszprém','8429'),('Porva','Veszprém','8420'),('Pula','Veszprém','8291'),('Pusztamiske','Veszprém','8455'),('Raposka','Veszprém','8300'),('Révfülöp','Veszprém','8253'),('Rigács','Veszprém','8348'),('Salföld','Veszprém','8256'),('Sáska','Veszprém','8308'),('Sóly','Veszprém','8193'),('Somlójenő','Veszprém','8478'),('Somlószőlős','Veszprém','8483'),('Somlóvásárhely','Veszprém','8481'),('Somlóvecse','Veszprém','8484'),('Sümeg','Veszprém','8330'),('Sümeg','Veszprém','8351'),('Sümeg','Veszprém','8474'),('Sümegprága','Veszprém','8351'),('Szápár','Veszprém','8423'),('Szentantalfa','Veszprém','8272'),('Szentbékkálla','Veszprém','8281'),('Szentgál','Veszprém','8444'),('Szentimrefalva','Veszprém','8475'),('Szentjakabfa','Veszprém','8272'),('Szentkirályszabadja','Veszprém','8220'),('Szentkirályszabadja','Veszprém','8225'),('Szigliget','Veszprém','8264'),('Szőc','Veszprém','8452'),('Tagyon','Veszprém','8272'),('Takácsi','Veszprém','8541'),('Taliándörögd','Veszprém','8295'),('Tapolca','Veszprém','8297'),('Tapolca','Veszprém','8300'),('Tés','Veszprém','8109'),('Tihany','Veszprém','8237'),('Tótvázsony','Veszprém','8246'),('Tüskevár','Veszprém','8477'),('Ugod','Veszprém','8564'),('Ugod','Veszprém','8571'),('Ukk','Veszprém','8347'),('Úrkút','Veszprém','8409'),('Uzsa','Veszprém','8321'),('Vanyola','Veszprém','8552'),('Várkesző','Veszprém','8523'),('Városlőd','Veszprém','8445'),('Várpalota','Veszprém','8100'),('Vaszar','Veszprém','8542'),('Vászoly','Veszprém','8245'),('Veszprém','Veszprém','8200'),('Veszprém','Veszprém','8413'),('Veszprém','Veszprém','8412'),('Veszprém','Veszprém','8411'),('Veszprémfajsz','Veszprém','8248'),('Veszprémgalsa','Veszprém','8475'),('Vid','Veszprém','8484'),('Vigántpetend','Veszprém','8294'),('Vilonya','Veszprém','8194'),('Vinár','Veszprém','9535'),('Vöröstó','Veszprém','8291'),('Zalaerdőd','Veszprém','8344'),('Zalagyömörő','Veszprém','8349'),('Zalahaláp','Veszprém','8308'),('Zalameggyes','Veszprém','8348'),('Zalaszegvár','Veszprém','8476'),('Zánka','Veszprém','8251'),('Zánka','Veszprém','8252'),('Zirc','Veszprém','8420'),('Alibánfa','Zala','8921'),('Almásháza','Zala','8935'),('Alsónemesapáti','Zala','8924'),('Alsónemesapáti','Zala','8925'),('Alsópáhok','Zala','8394'),('Alsórajk','Zala','8767'),('Alsószenterzsébet','Zala','8973'),('Babosdöbréte','Zala','8983'),('Baglad','Zala','8977'),('Bagod','Zala','8992'),('Bak','Zala','8945'),('Baktüttös','Zala','8946'),('Balatongyörök','Zala','8313'),('Balatonmagyaród','Zala','8753'),('Bánokszentgyörgy','Zala','8891'),('Barlahida','Zala','8948'),('Batyk','Zala','8797'),('Bázakerettye','Zala','8887'),('Becsehely','Zala','8866'),('Becsvölgye','Zala','8985'),('Belezna','Zala','8855'),('Belsősárd','Zala','8978'),('Bezeréd','Zala','8934'),('Bocfölde','Zala','8943'),('Bocska','Zala','8776'),('Bókaháza','Zala','8741'),('Boncodfölde','Zala','8992'),('Borsfa','Zala','8885'),('Böde','Zala','8991'),('Bödeháza','Zala','8969'),('Börzönce','Zala','8772'),('Búcsúszentlászló','Zala','8925'),('Bucsuta','Zala','8893'),('Csapi','Zala','8756'),('Csatár','Zala','8943'),('Cserszegtomaj','Zala','8372'),('Csertalakos','Zala','8951'),('Csesztreg','Zala','8973'),('Csonkahegyhát','Zala','8918'),('Csonkahegyhát','Zala','8991'),('Csöde','Zala','8999'),('Csömödér','Zala','8957'),('Csörnyeföld','Zala','8873'),('Dióskál','Zala','8764'),('Dobri','Zala','8874'),('Dobronhegy','Zala','8989'),('Döbröce','Zala','8357'),('Dötk','Zala','8799'),('Egeraracsa','Zala','8765'),('Egervár','Zala','8913'),('Eszteregnye','Zala','8882'),('Esztergályhorváti','Zala','8742'),('Felsőpáhok','Zala','8380'),('Felsőrajk','Zala','8767'),('Felsőszenterzsébet','Zala','8973'),('Fityeház','Zala','8835'),('Fűzvölgy','Zala','8777'),('Gáborjánháza','Zala','8969'),('Galambok','Zala','8827'),('Galambok','Zala','8754'),('Galambok','Zala','8752'),('Garabonc','Zala','8747'),('Gellénháza','Zala','8981'),('Gelse','Zala','8774'),('Gelsesziget','Zala','8774'),('Gétye','Zala','8762'),('Gombosszeg','Zala','8984'),('Gosztola','Zala','8978'),('Gősfa','Zala','8914'),('Gősfa','Zala','8913'),('Gutorfölde','Zala','8951'),('Gyenesdiás','Zala','8315'),('Gyűrűs','Zala','8932'),('Hagyárosbörönd','Zala','8992'),('Hahót','Zala','8771'),('Hernyék','Zala','8957'),('Hernyék','Zala','8960'),('Hévíz','Zala','8380'),('Homokkomárom','Zala','8777'),('Hosszúvölgy','Zala','8777'),('Hottó','Zala','8991'),('Iborfia','Zala','8984'),('Iklódbördőce','Zala','8958'),('Iklódbördőce','Zala','8879'),('Kacorlak','Zala','8773'),('Kallósd','Zala','8785'),('Kálócfa','Zala','8988'),('Kányavár','Zala','8956'),('Karmacs','Zala','8354'),('Kávás','Zala','8994'),('Kehidakustány','Zala','8784'),('Kemendollár','Zala','8931'),('Keménfa','Zala','8995'),('Kerecseny','Zala','8745'),('Kerkabarabás','Zala','8971'),('Kerkafalva','Zala','8973'),('Kerkakutas','Zala','8973'),('Kerkaszentkirály','Zala','8874'),('Kerkateskánd','Zala','8879'),('Keszthely','Zala','8360'),('Keszthely','Zala','8372'),('Kilimán','Zala','8774'),('Kisbucsa','Zala','8925'),('Kiscsehi','Zala','8888'),('Kisgörbő','Zala','8356'),('Kiskutas','Zala','8911'),('Kispáli','Zala','8912'),('Kisrécse','Zala','8756'),('Kistolmács','Zala','8868'),('Kisvásárhely','Zala','8341'),('Kissziget','Zala','8957'),('Kozmadombja','Zala','8988'),('Kustánszeg','Zala','8919'),('Külsősárd','Zala','8978'),('Lakhegy','Zala','8913'),('Lasztonya','Zala','8887'),('Lendvadedes','Zala','8978'),('Lendvajakabfa','Zala','8977'),('Lenti','Zala','8960'),('Lenti','Zala','8966'),('Letenye','Zala','8868'),('Lickóvadamos','Zala','8981'),('Ligetfalva','Zala','8782'),('Lispeszentadorján','Zala','8888'),('Liszó','Zala','8831'),('Lovászi','Zala','8878'),('Magyarföld','Zala','8973'),('Magyarszentmiklós','Zala','8776'),('Magyarszerdahely','Zala','8776'),('Maróc','Zala','8888'),('Márokföld','Zala','8976'),('Miháld','Zala','8825'),('Mihályfa','Zala','8341'),('Mikekarácsonyfa','Zala','8949'),('Milejszeg','Zala','8917'),('Misefa','Zala','8935'),('Molnári','Zala','8863'),('Murakeresztúr','Zala','8834'),('Murarátka','Zala','8868'),('Muraszemenye','Zala','8872'),('Nagybakónak','Zala','8821'),('Nagygörbő','Zala','8356'),('Nagykanizsa','Zala','8800'),('Nagykanizsa','Zala','8831'),('Nagykanizsa','Zala','8756'),('Nagykanizsa','Zala','8808'),('Nagykapornak','Zala','8935'),('Nagykutas','Zala','8911'),('Nagylengyel','Zala','8983'),('Nagylengyel','Zala','8917'),('Nagypáli','Zala','8912'),('Nagyrada','Zala','8746'),('Nagyrécse','Zala','8756'),('Nemesapáti','Zala','8923'),('Nemesbük','Zala','8371'),('Nemeshetés','Zala','8925'),('Nemesnép','Zala','8976'),('Nemespátró','Zala','8856'),('Nemesrádó','Zala','8915'),('Nemessándorháza','Zala','8925'),('Nemesszentandrás','Zala','8925'),('Németfalu','Zala','8918'),('Nova','Zala','8948'),('Óhíd','Zala','8342'),('Oltárc','Zala','8886'),('Orbányosfa','Zala','8935'),('Ormándlak','Zala','8983'),('Orosztony','Zala','8744'),('Ortaháza','Zala','8954'),('Ozmánbük','Zala','8998'),('Pacsa','Zala','8761'),('Padár','Zala','8935'),('Páka','Zala','8956'),('Pakod','Zala','8799'),('Pálfiszeg','Zala','8990'),('Pat','Zala','8825'),('Pethőhenye','Zala','8921'),('Petrikeresztúr','Zala','8984'),('Petrivente','Zala','8866'),('Pókaszepetk','Zala','8932'),('Pórszombat','Zala','8986'),('Pölöske','Zala','8929'),('Pölöskefő','Zala','8773'),('Pördefölde','Zala','8956'),('Pötréte','Zala','8767'),('Pusztaapáti','Zala','8986'),('Pusztaederics','Zala','8951'),('Pusztaederics','Zala','8946'),('Pusztamagyaród','Zala','8895'),('Pusztaszentlászló','Zala','8896'),('Ramocsa','Zala','8973'),('Rédics','Zala','8978'),('Resznek','Zala','8977'),('Rezi','Zala','8373'),('Rigyác','Zala','8883'),('Salomvár','Zala','8995'),('Sand','Zala','8824'),('Sárhida','Zala','8944'),('Sármellék','Zala','8391'),('Semjénháza','Zala','8862'),('Sénye','Zala','8788'),('Sormás','Zala','8881'),('Söjtör','Zala','8771'),('Söjtör','Zala','8929'),('Söjtör','Zala','8945'),('Söjtör','Zala','8897'),('Surd','Zala','8856'),('Sümegcsehi','Zala','8357'),('Szalapa','Zala','8341'),('Szécsisziget','Zala','8879'),('Szentgyörgyvár','Zala','8393'),('Szentgyörgyvölgy','Zala','8975'),('Szentkozmadombja','Zala','8947'),('Szentliszló','Zala','8893'),('Szentmargitfalva','Zala','8872'),('Szentpéterfölde','Zala','8953'),('Szentpéterúr','Zala','8762'),('Szepetnek','Zala','8861'),('Szijártóháza','Zala','8969'),('Szilvágy','Zala','8986'),('Teskánd','Zala','8991'),('Tilaj','Zala','8782'),('Tilaj','Zala','8935'),('Tófej','Zala','8946'),('Tormafölde','Zala','8876'),('Tormafölde','Zala','8878'),('Tornyiszentmiklós','Zala','8877'),('Tótszentmárton','Zala','8865'),('Tótszerdahely','Zala','8864'),('Türje','Zala','8796'),('Újudvar','Zala','8778'),('Valkonya','Zala','8885'),('Vállus','Zala','8316'),('Várfölde','Zala','8891'),('Várvölgy','Zala','8316'),('Vasboldogasszony','Zala','8914'),('Vaspör','Zala','8998'),('Vindornyafok','Zala','8354'),('Vindornyalak','Zala','8353'),('Vindornyaszőlős','Zala','8355'),('Vonyarcvashegy','Zala','8314'),('Vöckönd','Zala','8931'),('Zajk','Zala','8868'),('Zalaapáti','Zala','8741'),('Zalabaksa','Zala','8971'),('Zalabér','Zala','8798'),('Zalaboldogfa','Zala','8992'),('Zalacsány','Zala','8782'),('Zalacséb','Zala','8996'),('Zalaegerszeg','Zala','8900'),('Zalaháshágy','Zala','8997'),('Zalaigrice','Zala','8761'),('Zalaistvánd','Zala','8932'),('Zalakaros','Zala','8749'),('Zalakomár','Zala','8752'),('Zalakomár','Zala','8753'),('Zalakomár','Zala','8751'),('Zalakomár','Zala','8737'),('Zalaköveskút','Zala','8354'),('Zalalövő','Zala','8999'),('Zalamerenye','Zala','8747'),('Zalamerenye','Zala','8749'),('Zalasárszeg','Zala','8756'),('Zalaszabar','Zala','8743'),('Zalaszántó','Zala','8353'),('Zalaszentbalázs','Zala','8772'),('Zalaszentgrót','Zala','8795'),('Zalaszentgrót','Zala','8785'),('Zalaszentgrót','Zala','8790'),('Zalaszentgrót','Zala','8793'),('Zalaszentgrót','Zala','8789'),('Zalaszentgyörgy','Zala','8994'),('Zalaszentiván','Zala','8921'),('Zalaszentjakab','Zala','8827'),('Zalaszentlászló','Zala','8788'),('Zalaszentlőrinc','Zala','8921'),('Zalaszentmárton','Zala','8764'),('Zalaszentmihály','Zala','8936'),('Zalaszombatfa','Zala','8969'),('Zalatárnok','Zala','8947'),('Zalaújlak','Zala','8822'),('Zalavár','Zala','8392'),('Zalavég','Zala','8792'),('Zebecke','Zala','8957');


CREATE TABLE `kirTargy` (
  `kirTargyId` smallint(5) unsigned NOT NULL,
  `kirTargyNev` varchar(255) NULL,
  PRIMARY KEY (`kirTargyId`)
) ENGINE=InnoDB DEFAULT CHARSET=utf8 COLLATE=utf8_hungarian_ci;

INSERT INTO `kirTargy` VALUES (3,'Magyar nyelv és irodalom'),(4,'Nemzetiségi nyelv és irodalom'),(5,'Nemzetiségi nyelv'),(6,'Angol nyelv'),(7,'Német nyelv'),(8,'Francia nyelv'),(9,'Olasz nyelv'),(10,'Spanyol nyelv'),(11,'Orosz nyelv'),(12,'Latin nyelv'),(14,'Matematika'),(15,'Társadalmi ismeretek'),(16,'Filozófia'),(17,'Hittan (és erkölcstan)'),(18,'Emberismeret, etika'),(19,'Történelem'),(20,'Állampolgári ismeretek'),(21,'Hon‐ és népismeret'),(22,'Természetismeret'),(23,'Fizika'),(24,'Kémia'),(25,'Biológia'),(26,'Környezetismeret'),(27,'Földrajz'),(28,'Ének‐zene'),(29,'Tánc és dráma'),(30,'Rajz és műalkotások elemzése, vizuális kultúra'),(31,'Művészettörténet'),(32,'Mozgóképkultúra és médiaismeret'),(33,'Számítástechnika'),(34,'Informatika'),(35,'Könyvtárhasználat'),(36,'Technika'),(37,'Háztartástan'),(38,'Életvitel és gyakorlati ismeretek'),(39,'Testnevelés'),(40,'Pályaorientáció, szakmai alapozás'),(41,'Magyar irodalom'),(42,'Magyar nyelv'),(43,'Földünk és környezetünk'),(44,'Gazdasági ismeretek'),(45,'Információkezelés'),(46,'Tanulásmódszertan'),(47,'Postai orientációs ismeretek'),(48,'Etika'),(49,'Sportegészségtan'),(50,'Egészségtan'),(51,'Gazdasági környezetünk'),(52,'Gasztronómiai alapgyakorlat'),(53,'Természettudományok'),(54,'Gépírás'),(55,'Önvédelmi ismeretek'),(56,'Vállalkozási ismeretek'),(57,'Jogi ismeretek'),(58,'Mindennapi ismeretek'),(59,'Személy és vagyonvédelmi ismeretek'),(60,'Lövészet'),(61,'Zenetörténet'),(63,'Tánctörténet'),(64,'Cirkusztörténet'),(65,'Mozgóképkultúra (MOK)'),(66,'Mozgásanatómia'),(67,'Információkezelés és viselkedéskultúra'),(68,'Viselkedéskultúra és kommunikáció'),(69,'Gasztronómiai alapismeretek és viselkedéskultúra'),(70,'Vizuális ismeretek'),(71,'Alkalmazott számítástechnika'),(72,'Élelmiszer alapismeretek'),(73,'Vendéglátó technológia'),(74,'Információkezelés és kommunikáció'),(75,'Művészetek'),(76,'Gasztronómiai alapismeretek és kommunikáció'),(77,'Világörökség'),(78,'Egyházi ének'),(79,'Szabadkézi rajz'),(80,'Építészeti alapismeretek'),(81,'Szakmacsoportos alapozó ismeretek elmélet'),(82,'Szakmacsoportos alapozó ismeretek gyakorlat'),(83,'Szakmacsoportos alapozó oktatás'),(84,'Alapgyakorlatok'),(85,'Egészségnevelés'),(86,'Elektronikai alapismeretek'),(87,'Elektronika'),(88,'Hardver alapismeretek'),(89,'Hardver‐ és szoftverismeretek'),(90,'Informatikai alapismeretek'),(91,'Rajz és vizuális kultúra'),(92,'Informatikai szakmacsoportos alapozó oktatás elmélet'),(93,'Informatikai szakmacsoportos alapozó oktatás gyakorlat'),(94,'Irodalom'),(96,'Magyar nyelv és kommunikáció'),(97,'Anyanyelv és kommunikáció'),(98,'Kommunikáció'),(99,'Anyanyelv kultúra'),(100,'Szövegértés'),(101,'Német nyelvi tréning'),(102,'Német társalgás'),(103,'Német nyelvtan'),(104,'Német szaknyelv'),(105,'Holland nyelv'),(106,'Román nyelv'),(109,'Horvát nyelv'),(113,'Külalak'),(114,'Szakmai alapozás'),(115,'Szakmai alapozó oktatás'),(116,'Szakmai gyakorlat'),(117,'Pályaorientáció'),(118,'Gyakorlati oktatás'),(119,'Szakmai orientáció elmélet'),(120,'Szakmai orientáció gyakorlat'),(121,'Közgazdasági alapismeretek elméleti gazdaságtan'),(122,'Közgazdasági alapismeretek üzleti gazdaságtan'),(123,'Könyvvitel'),(124,'Ügyviteli alapismeretek'),(125,'Szakmai angol nyelv'),(126,'Szakmai német nyelv'),(127,'Tanirodai ismeretek'),(128,'Statisztika'),(129,'Marketing'),(130,'Anyagok'),(131,'Anyag‐ és eszközismeret'),(132,'Alakítások I.'),(133,'Alakítások II.'),(134,'Állványozási alapgyakorlatok'),(135,'Bevezetés az építészeti szakmai számításokba'),(136,'Építőanyagok'),(137,'Építőanyagok vizsgálata'),(138,'Építészeti anyagismeret'),(139,'Építészeti műszaki rajz'),(140,'Építőanyagok megmunkálása'),(141,'Kép‐ és hangfeldolgozás'),(142,'Kitűzési alapgyakorlatok'),(143,'Közlekedési ismeretek'),(144,'Közlekedési informatika és számítástechnikai gyakorlat'),(145,'Környezetvédelem'),(146,'Mechanika'),(147,'Mérések'),(148,'Mérési alapgyakorlat'),(149,'Műszaki ábrázolás'),(150,'Műszaki ábrázolás alapjai'),(151,'Műszaki pályák világa'),(152,'Számítástechnika gyakorlat I.'),(153,'Számítógép‐programozás I.'),(154,'Számítógépes programgyakorlat I.'),(155,'Természetismeret és környezeti tanulmányok'),(156,'Japán nyelv'),(157,'Bibliaismeretek'),(158,'Laboratóriumi gyakorlat'),(159,'Társadalom ismeret és Etika'),(160,'Fizikai kémia'),(161,'Matematika angol nyelven'),(162,'Biológia angol nyelven'),(163,'Műszaki ismeretek'),(164,'Műszaki ábrázolási gyakorlatok'),(165,'Műszaki ábrázolás és anyagismeret'),(166,'Műszaki ábrázolási és megmunkálási gyakorlat'),(167,'Anyagismeret'),(168,'Anyagmegmunkálási gyakorlat'),(169,'Számítógép‐programozás'),(170,'Számítógép‐programozási gyakorlat'),(171,'Elektrotechnika'),(172,'Elektrotechnikai gyakorlatok és mérések'),(173,'Gazdálkodási ismeretek'),(174,'Szakmai informatika'),(175,'Ételkészítési ismeretek'),(176,'Pincér gyakorlat'),(177,'Szakács gyakorlat'),(178,'Cukrász gyakorlat'),(179,'Étel‐italkészítési ismeretek'),(180,'Pincér ismeretek'),(181,'Cukrászati alapismeretek'),(182,'Kereskedelmi ismeretek'),(183,'Élelmiszer és vegyiáruismeret'),(184,'Pénztárelszámolás'),(185,'Fogyasztói érdekvédelem'),(186,'Általános áruismeret'),(187,'Szakmai ismeret'),(188,'Italismeret'),(189,'Cukrászati ismeretek'),(190,'Vendéglátó‐gazdálkodási és vállalkozási alapismeretek'),(191,'Szakmai esztétikai szakrajz'),(192,'Ételkészítési gyakorlat'),(193,'Médiaismeret'),(194,'Médiaismereti gyakorlat'),(195,'Elektrotechnikai gyakorlatok'),(196,'Angol beszédgyakorlat'),(197,'Angol nyelv kommunikáció'),(198,'Német beszédgyakorlat'),(199,'Német nyelv kommunikáció'),(200,'Francia beszédgyakorlat'),(201,'Francia nyelv kommunikáció'),(202,'Beszélő Magyarország: nyilvános beszéd'),(203,'Demokrácia állampolgárságra nevelés'),(204,'Fejlesztés'),(205,'Történelem szaknyelv'),(206,'Fizika szaknyelv'),(207,'Angol célnyelvi civilizáció'),(208,'Német célnyelvi civilizáció'),(209,'Biológia szaknyelv'),(210,'Földrajz szaknyelv'),(211,'Társadalom ismeret és Etika'),(212,'Közgazdaságtan'),(213,'Pszichológia'),(214,'Tudáselmélet'),(215,'Kínai nyelv'),(216,'Ember a természetben'),(217,'Ruházati áruismeret'),(218,'Áruforgalmi ismeretek'),(219,'Magyar népzene alapjai'),(220,'Beszédtechnika'),(221,'Betűrajz'),(222,'Drámai játék'),(223,'Énekkar'),(224,'Főtárgy (hangszer)'),(225,'Hangegészségtan'),(226,'Hangképzés‐ének'),(227,'Kamara'),(228,'Kargyakorlat'),(229,'Karvezetés'),(230,'Kinetográfia'),(231,'Klasszikus balett'),(232,'Kortárs‐,modern tánc'),(233,'Népi ének'),(234,'Népi hangszer'),(235,'Hangszeres népzene'),(236,'Néprajz'),(237,'Néprajzi alapismeretek‐táncfolklorisztika'),(238,'Néptánc'),(239,'Népzene elmélet és történet'),(240,'Rajz'),(241,'Színháztörténet'),(242,'Színpadi mozgás és tánc'),(243,'Szakmai elmélet'),(244,'Szakmai olasz nyelv'),(245,'Szakmai szorgalom'),(246,'Szolfézs'),(247,'Zeneelmélet'),(248,'Zeneirodalom'),(249,'Zenekar'),(250,'Zongorakötelező');

CREATE TABLE `kirOsztalyJelleg` (
  `kirOsztalyJellegId` tinyint(3) unsigned NOT NULL,
  `kirOsztalyJellegNev` varchar(255) NOT NULL,
  PRIMARY KEY (`kirOsztalyJellegId`)
) ENGINE=InnoDB DEFAULT CHARSET=utf8;

INSERT INTO `kirOsztalyJelleg` VALUES (1,'Általános iskola'),(2,'4 évfolyamos gimnázium'),(3,'5 évfolyamos gimnázium ny.ek.'),(4,'6 évfolyamos gimnázium'),
(5,'8 évfolyamos gimnázium'),(6,'Szakiskola'),(7,'Speciális szakiskola'),(8,'Szakközépiskola'),(9,'Szakközépiskola ny.ek.'); 

CREATE TABLE `osztalyJelleg` (
  `osztalyJellegId` tinyint(3) unsigned NOT NULL AUTO_INCREMENT,
  `kirOsztalyJellegId` tinyint(3) unsigned DEFAULT NULL,
  `osztalyJellegNev` varchar(255) NOT NULL,
  `erettsegizo` tinyint(3) unsigned NOT NULL DEFAULT '0',
  `kovOsztalyJellegId` tinyint(3) unsigned DEFAULT NULL,
  `_kezdoEvfolyam` tinyint(3) unsigned DEFAULT NULL,
  `_vegzoEvfolyam` tinyint(3) unsigned DEFAULT NULL,
  `elokeszitoEvfolyam` enum('','AJTP','AJKP','Kny','N','Ny') DEFAULT NULL,
  `osztalyJellegEles` tinyint(3) unsigned DEFAULT '1',
  `evfolyamJelek` varchar(255) default '',
  PRIMARY KEY (`osztalyJellegId`),
  KEY `osztalyJelleg_ibfk_1` (`kirOsztalyJellegId`),
  CONSTRAINT `osztalyJelleg_ibfk_1` FOREIGN KEY (`kirOsztalyJellegId`) REFERENCES `kirOsztalyJelleg` (`kirOsztalyJellegId`) ON DELETE CASCADE ON UPDATE CASCADE
) ENGINE=InnoDB DEFAULT CHARSET=utf8;

INSERT INTO `osztalyJelleg` VALUES (1,1,'Általános iskola',0,NULL,NULL,NULL,NULL,0,'1,2,3,4,5,6,7,8'),(2,2,'4 évfolyamos gimnázium',1,NULL,NULL,NULL,NULL,0,'9,10,11,12'),(3,3,'1+4 évfolyamos gimnázium ny.ek.',1,NULL,NULL,NULL,NULL,0,'9,10,11,12'),(4,4,'6 évfolyamos gimnázium',1,NULL,NULL,NULL,NULL,0,'7,8,9,10,11,12'),(5,5,'8 évfolyamos gimnázium',1,NULL,NULL,NULL,NULL,0,'5,6,7,8,9,10,11,12'),(6,6,'Szakiskola',0,NULL,NULL,NULL,NULL,0,'9,10,11,12'),(7,7,'Speciális szakiskola',0,NULL,NULL,NULL,NULL,0,'9/E,9,10,11,12'),(8,8,'Szakközépiskola',1,NULL,NULL,NULL,NULL,0,'9,10,11,12'),(9,9,'Szakközépiskola ny.ek.',1,NULL,NULL,NULL,NULL,0,'9,10,11,12'),(10,3,'1+4 évfolyamos gimnázium ny.ek. évfolyam végéig',0,3,NULL,NULL,'Ny',0,'9Ny'),(11,NULL,'1+6 évfolyamos gimnázium ny.ek.',1,NULL,NULL,NULL,NULL,0,'7,8,9,10,11,12'),(12,NULL,'1+6 évfolyamos gimnázium ny.ek. évfolyam végéig',0,11,NULL,NULL,'Ny',0,'7Ny'),(13,NULL,'1+8 évfolyamos gimnázium ny.ek.',1,NULL,NULL,NULL,NULL,0,'5,6,7,8,9,10,11,12'),(14,NULL,'1+8 évfolyamos gimnázium ny.ek. évfolyam végéig',0,13,NULL,NULL,'Ny',0,'5Ny'),(21,NULL,'általános iskola (1-8)',0,NULL,1,8,'',1,'1,2,3,4,5,6,7,8'),(22,NULL,'általános iskola alsó tagozat (1-4)',0,NULL,1,4,'',1,'1,2,3,4'),(23,NULL,'Általános iskola felső tagozat (5-8)',0,NULL,5,8,'',1,'5,6,7,8'),(31,NULL,'4 évfolyamos gimnázium',1,NULL,9,12,'',1,'9,10,11,12'),(32,NULL,'4 évfolyamos gimnázium AJTP előkészítő évfolyammal (1+4)',1,NULL,9,12,'AJTP',1,'9/AJTP,9,10,11,12'),(33,NULL,'4 évfolyamos gimnázium AJKP előkészítő évfolyammal (1+4)',1,NULL,9,12,'AJKP',1,'9/AJKP,9,10,11,12'),(34,NULL,'4 évfolyamos gimnázium két tanítási nyelvű előkészítő évfolyammal (1+4)',1,NULL,9,12,'Kny',1,'9/Kny,9,10,11,12'),(35,NULL,'4 évfolyamos gimnázium nemzetiségi előkészítő évfolyammal (1+4)',1,NULL,9,12,'N',1,'9/N,9,10,11,12'),(36,NULL,'4 évfolyamos gimnázium nyelvi előkészítő évfolyammal (1+4)',1,NULL,9,12,'Ny',1,'9/Ny,9,10,11,12'),(41,NULL,'5 évfolyamos gimnázium',1,NULL,9,13,'',0,'9,10,11,12,13'),(42,NULL,'5 évfolyamos gimnázium AJTP előkészítő évfolyammal (1+5)',1,NULL,9,13,'AJTP',0,'9/AJTP,9,10,11,12,13'),(43,NULL,'5 évfolyamos gimnázium AJKP előkészítő évfolyammal (1+5)',1,NULL,9,13,'AJKP',0,'9/AJKP,9,10,11,12,13'),(44,NULL,'5 évfolyamos gimnázium két tanítási nyelvű előkészítő évfolyammal (1+5)',1,NULL,9,13,'Kny',0,'9/Kny,9,10,11,12,13'),(45,NULL,'5 évfolyamos gimnázium nemzetiségi előkészítő évfolyammal (1+5)',1,NULL,9,13,'N',0,'9/N,9,10,11,12,13'),(46,NULL,'5 évfolyamos gimnázium nyelvi előkészítő évfolyammal (1+5)',1,NULL,9,13,'Ny',0,'9/N,9,10,11,12,13'),(51,NULL,'6 évfolyamos gimnázium',1,NULL,7,12,'',1,'7,8,9,10,11,12'),(52,NULL,'6 évfolyamos gimnázium nemzetiségi előkészítő évfolyammal (1+6)',1,NULL,7,12,'N',1,'7/N,7,8,9,10,11,12'),(53,NULL,'6 évfolyamos gimnázium nyelvi előkészítő évfolyammal  (1+6)',1,NULL,7,12,'Ny',1,'7/Ny,7,8,9,10,11,12'),(61,NULL,'8 évfolyamos gimnázium',1,NULL,4,12,'',1,'5,6,7,8,9,10,11,12'),(62,NULL,'8 évfolyamos gimnázium nemzetiségi előkészítő évfolyammal (1+8)',1,NULL,4,12,'N',1,'5/N,5,6,7,8,9,10,11,12'),(63,NULL,'8 évfolyamos gimnázium nyelvi előkészítő évfolyammal (1+8)',1,NULL,4,12,'Ny',1,'5/Ny,5,6,7,8,9,10,11,12'),(65,NULL,'12 évfolyamos gimnázium (1-12)',1,NULL,NULL,NULL,NULL,1,'1,2,3,4,5,6,7,8,9,10,11,12'),(71,NULL,'szakközépiskola (1-4)',1,NULL,9,NULL,'',1,'9,10,11,12'),(72,NULL,'szakközépiskola AJTP előkészítő évfolyammal (1+4)',1,NULL,9,NULL,'AJTP',1,'9/AJTP,9,10,11,12'),(73,NULL,'szakközépiskola AJKP előkészítő évfolyammal (1+4)',1,NULL,9,NULL,'AJKP',1,'9/AJKP,9,10,11,12'),(74,NULL,'szakközépiskola két tanítási nyelvű előkészítő évfolyammal (1+4)',1,NULL,9,NULL,'Kny',1,'9/Kny,9,10,11,12'),(75,NULL,'szakközépiskola nemzetiségi előkészítő évfolyammal (1+4)',1,NULL,9,NULL,'N',1,'9/N,9,10,11,12'),(76,NULL,'szakközépiskola nyelvi előkészítő évfolyammal (1+4)',1,NULL,9,NULL,'Ny',1,'9/Ny,9,10,11,12'),(77,NULL,'szakközépiskola - szakképzés',0,NULL,NULL,NULL,'',0,'13,14'),(78,NULL,'szakközépiskolák szakiskolai végzettséggel rendelkező tanulóinak érettségire történő felkészítése (Szé/12/1-2)',1,NULL,NULL,NULL,NULL,1,'Szé/12/1,Szé/12/2'),(79,NULL,'szakképzés - a szakközépiskola négy évére épülő 1 évfolyamos képzés (5/13)',0,NULL,NULL,NULL,NULL,1,'5/13'),(82,NULL,'szakképzés - iskolai előképzettséghez nem kötött 3 évfolyamos képzés (1/8-3/10)',0,NULL,NULL,NULL,NULL,1,'1/8,2/9,3/10'),(83,NULL,'szakképzés - alapfokú iskolai végzettséghez kötött 3 évfolyamos képzés (1/9-3/11)',0,NULL,NULL,NULL,NULL,1,'1/9,2/10,3/11'),(84,NULL,'szakképzés - a tizedik évfolyam elvégzéséhez kötött 2 évfolyamos képzés (1/11-2/12)',0,NULL,NULL,NULL,NULL,1,'1/11,2/12'),(85,NULL,'szakképzés - a tizedik évfolyam elvégzéséhez kötött 3 évfolyamos képzés (1/11-3/13)',0,NULL,NULL,NULL,NULL,1,'1/11,2/12,3/13'),(86,NULL,'szakképzés - a középiskola utolsó évfolyamának elvégzéséhez vagy középiskolai végzettséghez kötött 2 évfolyamos képzés (1/13-2/14)',0,NULL,NULL,NULL,NULL,1,'1/13,2/14'),(87,NULL,'szakképzés - középiskolai végzettséghez kötött két éves szakképzésre épülő egy éves szakképesítés-ráépülés (3/15)',0,NULL,NULL,NULL,NULL,1,'3/15'),(91,NULL,'Híd I. program - 1 évfolyamos, alapfokú végzettséghez kötött, középiskolára felkészítő képzés (H/I)',0,NULL,NULL,NULL,NULL,1,'H/I'),(92,NULL,'Híd II. program - 1 évfolyamos (10 hónapos), alapfokú végzettséget nem adó, szakképzést előkészítő osztály (H/II)',0,NULL,NULL,NULL,NULL,1,'H/II/1'),(93,NULL,'Híd II. program - 2 évfolyamos (20 hónapos), alapfokú végzettséget adó, szakképzést előkészítő osztály (H/II/1-2)',0,NULL,NULL,NULL,NULL,1,'H/II/1,H/II/2');
